latitude,longitude,elevation,utc_offset_seconds,timezone,timezone_abbreviation
-6.5729346,106.775826,247.0,25200,Asia/Bangkok,GMT+7

time,weather_code (wmo code),temperature_2m_mean (°C),temperature_2m_max (°C),temperature_2m_min (°C),apparent_temperature_min (°C),apparent_temperature_mean (°C),apparent_temperature_max (°C),sunrise (iso8601),sunset (iso8601),daylight_duration (s),sunshine_duration (s),precipitation_sum (mm),rain_sum (mm),snowfall_sum (cm),precipitation_hours (h),cloud_cover_mean (%),cloud_cover_max (%),cloud_cover_min (%),soil_moisture_0_to_100cm_mean (m³/m³),soil_moisture_0_to_7cm_mean (m³/m³),soil_moisture_28_to_100cm_mean (m³/m³),soil_moisture_7_to_28cm_mean (m³/m³),soil_temperature_0_to_100cm_mean (°C),soil_temperature_0_to_7cm_mean (°C),soil_temperature_28_to_100cm_mean (°C),soil_temperature_7_to_28cm_mean (°C),relative_humidity_2m_mean (%),relative_humidity_2m_max (%),relative_humidity_2m_min (%),surface_pressure_mean (hPa),pressure_msl_mean (hPa),dew_point_2m_mean (°C)
1959-01-02,63,23.7,27.5,21.5,25.6,28.2,33.5,1959-01-02T05:41,1959-01-02T18:11,44981.83,32332.54,12.50,12.50,0.00,16.0,94,100,64,0.488,0.472,0.491,0.482,25.1,25.0,25.2,25.0,92,99,79,980.7,1008.9,22.3
1959-01-03,61,23.4,25.8,21.9,26.2,28.0,30.9,1959-01-03T05:42,1959-01-03T18:11,44975.66,24740.94,7.20,7.20,0.00,23.0,100,100,99,0.488,0.505,0.485,0.494,25.1,24.5,25.2,24.8,94,99,88,980.8,1009.0,22.4
1959-01-04,61,23.5,26.1,21.3,25.0,27.8,30.4,1959-01-04T05:42,1959-01-04T18:12,44968.99,5307.80,13.30,13.30,0.00,20.0,99,100,96,0.487,0.505,0.481,0.501,25.0,24.2,25.2,24.5,92,99,78,980.7,1008.9,22.0
1959-01-05,55,24.1,27.0,21.8,26.2,28.6,31.7,1959-01-05T05:43,1959-01-05T18:12,44961.84,40244.11,6.90,6.90,0.00,23.0,86,100,62,0.483,0.494,0.478,0.497,25.0,25.0,25.1,24.7,90,99,78,981.6,1009.8,22.3
1959-01-06,63,23.6,27.2,21.6,25.6,27.8,32.0,1959-01-06T05:43,1959-01-06T18:13,44954.21,33187.96,11.20,11.20,0.00,21.0,98,100,87,0.482,0.480,0.478,0.495,25.1,24.8,25.1,25.0,91,99,77,982.1,1010.3,21.9
1959-01-07,61,23.5,27.9,21.2,25.0,27.8,32.9,1959-01-07T05:44,1959-01-07T18:13,44946.13,42509.69,6.80,6.80,0.00,12.0,91,100,69,0.485,0.483,0.483,0.491,25.1,24.9,25.1,24.9,92,98,74,981.0,1009.2,22.0
1959-01-08,55,24.1,28.4,21.2,25.0,28.6,35.7,1959-01-08T05:44,1959-01-08T18:13,44937.60,35058.89,3.40,3.40,0.00,11.0,98,100,90,0.486,0.466,0.484,0.496,25.1,25.3,25.1,25.1,89,98,78,980.9,1009.1,22.2
1959-01-09,61,23.9,27.6,21.3,25.3,28.2,32.7,1959-01-09T05:45,1959-01-09T18:14,44928.64,31404.13,6.30,6.30,0.00,12.0,98,100,91,0.484,0.459,0.488,0.479,25.2,25.4,25.2,25.3,90,98,74,981.7,1009.9,22.0
1959-01-10,63,23.5,27.8,21.1,25.0,27.8,32.0,1959-01-10T05:45,1959-01-10T18:14,44919.25,32826.55,23.30,23.30,0.00,15.0,93,100,48,0.486,0.479,0.486,0.488,25.2,25.1,25.2,25.3,92,100,73,981.9,1010.2,22.0
1959-01-11,61,24.4,29.1,21.1,24.7,28.6,34.2,1959-01-11T05:46,1959-01-11T18:14,44909.45,40601.37,4.20,4.20,0.00,15.0,86,98,49,0.485,0.492,0.482,0.491,25.3,25.6,25.2,25.3,87,99,69,981.7,1009.8,21.9
1959-01-12,51,24.2,27.9,21.5,25.5,28.7,32.8,1959-01-12T05:46,1959-01-12T18:15,44899.25,32896.18,1.60,1.60,0.00,13.0,94,100,82,0.483,0.485,0.480,0.493,25.3,25.4,25.3,25.4,89,98,77,983.1,1011.3,22.4
1959-01-13,63,23.9,26.6,21.3,25.1,28.2,31.0,1959-01-13T05:47,1959-01-13T18:15,44888.65,29676.20,15.30,15.30,0.00,12.0,97,100,81,0.484,0.459,0.485,0.490,25.3,25.0,25.3,25.2,90,100,76,984.2,1012.5,22.1
1959-01-14,63,23.7,27.2,21.0,25.0,28.4,33.3,1959-01-14T05:47,1959-01-14T18:15,44877.68,37570.76,13.80,13.80,0.00,13.0,92,100,62,0.486,0.469,0.487,0.490,25.3,25.3,25.3,25.2,93,100,83,984.4,1012.7,22.4
1959-01-15,63,24.4,27.7,21.5,25.5,28.8,33.5,1959-01-15T05:48,1959-01-15T18:15,44866.22,39475.88,11.10,11.10,0.00,16.0,93,100,71,0.488,0.492,0.485,0.496,25.4,25.8,25.3,25.5,88,99,76,985.0,1013.2,22.1
1959-01-16,53,23.9,27.8,20.9,24.5,28.4,32.1,1959-01-16T05:48,1959-01-16T18:16,44854.23,29255.15,4.90,4.90,0.00,17.0,96,100,87,0.486,0.481,0.484,0.496,25.4,25.6,25.4,25.6,91,100,72,985.9,1014.3,22.3
1959-01-17,63,23.9,26.7,22.2,26.4,28.8,33.5,1959-01-17T05:49,1959-01-17T18:16,44841.73,37773.82,10.40,10.40,0.00,12.0,81,100,34,0.488,0.473,0.489,0.491,25.4,25.4,25.4,25.5,93,99,83,985.4,1013.8,22.6
1959-01-18,61,23.5,27.4,21.4,25.4,28.1,33.2,1959-01-18T05:49,1959-01-18T18:16,44828.76,38517.16,5.70,5.70,0.00,17.0,82,100,50,0.490,0.489,0.491,0.487,25.4,25.3,25.4,25.4,92,98,82,985.2,1013.6,22.2
1959-01-19,63,23.4,26.7,22.0,26.4,27.8,31.4,1959-01-19T05:49,1959-01-19T18:16,44815.33,29444.67,8.70,8.70,0.00,14.0,96,100,83,0.493,0.483,0.494,0.495,25.3,24.8,25.4,25.2,93,99,78,985.3,1013.7,22.1
1959-01-20,55,23.7,27.5,20.8,24.5,28.3,32.9,1959-01-20T05:50,1959-01-20T18:17,44801.46,42572.55,4.00,4.00,0.00,16.0,65,94,35,0.496,0.477,0.501,0.486,25.3,25.0,25.4,25.1,90,99,72,984.2,1012.5,21.9
1959-01-21,51,23.9,27.8,21.8,26.2,28.5,34.0,1959-01-21T05:50,1959-01-21T18:17,44787.18,39166.66,3.50,3.50,0.00,18.0,75,100,39,0.497,0.485,0.499,0.493,25.3,25.5,25.4,25.2,91,99,73,984.8,1013.1,22.3
1959-01-22,63,23.6,27.6,21.2,25.4,28.1,33.3,1959-01-22T05:51,1959-01-22T18:17,44772.52,41848.05,13.60,13.60,0.00,17.0,83,100,34,0.500,0.471,0.505,0.494,25.4,25.4,25.4,25.5,90,99,73,985.8,1014.2,21.8
1959-01-23,61,23.4,27.1,21.1,25.3,27.7,32.5,1959-01-23T05:51,1959-01-23T18:17,44757.48,38256.26,9.00,9.00,0.00,14.0,81,100,48,0.502,0.482,0.509,0.487,25.4,25.5,25.4,25.5,92,99,76,985.1,1013.4,21.8
1959-01-24,53,24.1,27.7,20.2,23.5,28.1,34.2,1959-01-24T05:51,1959-01-24T18:17,44742.10,42913.45,2.50,2.50,0.00,10.0,58,100,10,0.501,0.484,0.507,0.485,25.4,25.5,25.4,25.4,85,99,68,984.5,1012.8,21.3
1959-01-25,61,23.6,28.2,18.8,21.3,27.6,34.3,1959-01-25T05:52,1959-01-25T18:17,44726.41,43200.00,2.90,2.90,0.00,10.0,51,100,9,0.495,0.472,0.502,0.482,25.4,25.1,25.4,25.2,86,98,71,984.1,1012.4,21.0
1959-01-26,61,24.4,28.5,21.6,25.8,29.2,34.2,1959-01-26T05:52,1959-01-26T18:17,44710.41,41234.14,7.10,7.10,0.00,21.0,69,99,37,0.494,0.483,0.497,0.488,25.5,25.9,25.4,25.5,89,100,73,983.1,1011.3,22.4
1959-01-27,63,24.7,28.2,22.5,27.1,29.9,34.9,1959-01-27T05:53,1959-01-27T18:17,44694.13,39824.52,14.30,14.30,0.00,11.0,77,100,27,0.494,0.487,0.495,0.495,25.7,26.4,25.5,26.0,89,97,76,982.3,1010.5,22.8
1959-01-28,53,24.0,27.4,21.6,25.9,28.9,33.0,1959-01-28T05:53,1959-01-28T18:18,44677.60,42442.16,2.80,2.80,0.00,9.0,83,100,17,0.496,0.475,0.500,0.488,25.7,25.9,25.6,26.0,92,100,78,982.6,1010.8,22.6
1959-01-29,63,24.3,29.0,20.9,24.5,29.3,36.2,1959-01-29T05:53,1959-01-29T18:18,44660.83,40601.39,9.70,9.70,0.00,14.0,76,100,22,0.496,0.482,0.499,0.491,25.7,26.2,25.6,25.9,89,99,71,982.6,1010.8,22.3
1959-01-30,63,24.3,29.1,20.7,24.5,29.4,35.9,1959-01-30T05:54,1959-01-30T18:18,44643.85,42047.24,11.20,11.20,0.00,11.0,87,99,68,0.497,0.470,0.499,0.496,25.8,26.3,25.7,26.1,92,100,74,982.1,1010.3,22.8
1959-01-31,63,24.1,28.4,22.0,26.5,29.0,33.7,1959-01-31T05:54,1959-01-31T18:18,44626.67,28113.77,29.60,29.60,0.00,19.0,99,100,94,0.501,0.485,0.508,0.485,25.8,26.1,25.7,26.1,92,100,78,982.9,1011.1,22.6
1959-02-01,63,23.9,27.5,22.1,26.3,28.4,31.6,1959-02-01T05:54,1959-02-01T18:18,44609.32,9683.72,35.80,35.80,0.00,20.0,99,100,93,0.492,0.472,0.497,0.481,25.8,25.5,25.8,25.9,92,99,78,983.9,1012.2,22.4
1959-02-02,61,24.2,27.7,21.4,25.3,28.9,33.0,1959-02-02T05:54,1959-02-02T18:18,44591.80,33881.47,3.70,3.70,0.00,9.0,98,100,94,0.468,0.483,0.462,0.485,25.7,25.9,25.7,25.7,90,100,76,984.3,1012.5,22.3
1959-02-03,61,24.2,27.7,20.8,24.1,28.6,33.5,1959-02-03T05:55,1959-02-03T18:18,44574.16,43200.00,4.80,4.80,0.00,8.0,91,100,55,0.467,0.466,0.459,0.492,25.7,25.8,25.7,25.8,89,100,74,983.6,1011.9,22.1
1959-02-04,63,24.3,28.0,22.0,25.6,28.3,32.7,1959-02-04T05:55,1959-02-04T18:18,44556.21,42774.32,9.90,9.90,0.00,10.0,90,100,75,0.465,0.468,0.459,0.486,25.7,25.7,25.7,25.8,88,98,75,983.8,1012.1,22.1
1959-02-05,63,24.6,29.2,21.4,25.1,29.3,36.2,1959-02-05T05:55,1959-02-05T18:18,44537.91,38737.66,6.50,6.50,0.00,7.0,90,100,35,0.464,0.476,0.454,0.492,25.8,26.0,25.7,25.8,89,98,71,983.1,1011.3,22.6
1959-02-06,63,24.7,29.2,22.1,26.1,29.3,35.5,1959-02-06T05:56,1959-02-06T18:17,44519.28,34128.59,8.90,8.90,0.00,7.0,92,100,50,0.463,0.475,0.452,0.496,25.9,26.2,25.8,26.0,89,100,70,982.1,1010.2,22.5
1959-02-07,61,24.6,29.5,20.7,23.8,28.9,35.3,1959-02-07T05:56,1959-02-07T18:17,44500.35,39641.36,4.10,4.10,0.00,7.0,87,100,56,0.461,0.481,0.451,0.489,25.9,26.2,25.8,26.0,86,100,66,981.8,1010.0,22.0
1959-02-08,61,25.0,29.9,21.1,24.6,29.9,36.0,1959-02-08T05:56,1959-02-08T18:17,44481.13,41404.99,4.20,4.20,0.00,8.0,76,100,26,0.457,0.485,0.447,0.481,26.0,26.8,25.8,26.3,86,100,63,982.1,1010.3,22.2
1959-02-09,61,25.0,28.9,22.8,27.2,29.8,34.4,1959-02-09T05:56,1959-02-09T18:17,44461.66,40570.18,6.40,6.40,0.00,14.0,87,100,32,0.456,0.483,0.444,0.487,26.1,26.7,25.9,26.6,86,98,68,982.5,1010.6,22.4
1959-02-10,63,23.8,26.0,22.3,26.5,28.6,31.9,1959-02-10T05:56,1959-02-10T18:17,44441.95,32112.69,23.90,23.90,0.00,22.0,97,100,88,0.480,0.483,0.474,0.498,25.9,25.4,26.0,26.1,92,99,82,982.2,1010.4,22.4
1959-02-11,65,23.2,26.3,21.3,25.4,27.7,30.5,1959-02-11T05:57,1959-02-11T18:17,44422.02,0.00,58.10,58.10,0.00,18.0,100,100,99,0.491,0.481,0.491,0.495,25.6,24.4,25.9,25.1,94,99,81,981.8,1010.0,22.1
1959-02-12,63,23.7,27.5,21.1,24.9,28.2,32.5,1959-02-12T05:57,1959-02-12T18:17,44401.91,36168.37,19.00,19.00,0.00,19.0,98,100,94,0.499,0.471,0.505,0.488,25.6,24.9,25.8,25.0,91,98,76,982.4,1010.6,22.2
1959-02-13,61,24.2,28.7,20.9,24.2,28.8,34.7,1959-02-13T05:57,1959-02-13T18:17,44381.62,2379.82,11.80,11.80,0.00,13.0,97,100,76,0.499,0.457,0.511,0.472,25.7,25.8,25.7,25.4,90,99,74,982.6,1010.8,22.4
1959-02-14,55,24.0,28.4,21.0,25.0,28.9,35.0,1959-02-14T05:57,1959-02-14T18:16,44361.18,28968.49,4.30,4.30,0.00,12.0,97,100,76,0.502,0.486,0.506,0.494,25.7,26.0,25.7,25.8,92,100,75,982.9,1011.1,22.6
1959-02-15,61,25.0,29.5,21.6,25.5,30.0,35.3,1959-02-15T05:57,1959-02-15T18:16,44340.62,43139.20,5.00,5.00,0.00,10.0,72,100,15,0.496,0.477,0.501,0.482,25.9,26.7,25.7,26.2,87,99,69,983.3,1011.5,22.5
1959-02-16,63,24.7,28.9,21.7,25.8,29.6,35.0,1959-02-16T05:57,1959-02-16T18:16,44319.95,40510.83,21.30,21.30,0.00,13.0,64,100,18,0.492,0.484,0.495,0.485,26.0,26.7,25.8,26.4,88,100,69,983.9,1012.1,22.5
1959-02-17,65,24.3,28.1,22.8,27.3,29.2,33.7,1959-02-17T05:57,1959-02-17T18:16,44299.20,38049.87,39.00,39.00,0.00,19.0,91,100,65,0.496,0.479,0.502,0.482,25.9,25.9,25.9,26.2,93,99,78,983.9,1012.1,22.9
1959-02-18,61,24.8,29.5,21.3,25.2,29.9,36.0,1959-02-18T05:57,1959-02-18T18:15,44278.38,37886.12,9.50,9.50,0.00,11.0,88,100,35,0.460,0.476,0.454,0.477,26.0,26.5,25.9,26.1,89,100,70,983.6,1011.8,22.8
1959-02-19,63,24.3,28.2,21.6,25.7,29.1,33.6,1959-02-19T05:58,1959-02-19T18:15,44257.51,35950.10,15.30,15.30,0.00,13.0,94,100,60,0.461,0.477,0.450,0.493,26.0,26.2,25.9,26.2,91,100,76,982.7,1010.8,22.7
1959-02-20,63,23.9,27.7,21.4,25.3,28.5,32.7,1959-02-20T05:58,1959-02-20T18:15,44236.61,34048.66,15.50,15.50,0.00,10.0,97,100,82,0.462,0.480,0.451,0.495,25.9,25.4,25.9,25.8,91,100,73,982.4,1010.6,22.2
1959-02-21,63,24.1,28.3,20.7,24.4,28.8,34.0,1959-02-21T05:58,1959-02-21T18:15,44215.70,40912.90,17.60,17.60,0.00,11.0,90,100,75,0.466,0.478,0.458,0.491,25.9,25.9,25.9,25.7,90,99,75,983.0,1011.2,22.2
1959-02-22,63,23.5,28.2,20.6,24.4,28.1,34.9,1959-02-22T05:58,1959-02-22T18:14,44194.81,35914.73,24.40,24.40,0.00,14.0,81,100,42,0.471,0.463,0.465,0.493,25.8,25.6,25.9,25.8,91,100,73,983.4,1011.7,21.9
1959-02-23,61,23.7,27.0,21.1,24.9,28.3,31.9,1959-02-23T05:58,1959-02-23T18:14,44173.94,29576.21,9.00,9.00,0.00,17.0,94,100,47,0.477,0.468,0.474,0.491,25.7,25.3,25.8,25.5,91,99,79,983.2,1011.4,22.1
1959-02-24,63,23.3,26.5,21.5,25.7,27.9,30.8,1959-02-24T05:58,1959-02-24T18:14,44152.93,17938.98,12.40,12.40,0.00,14.0,100,100,97,0.480,0.491,0.473,0.501,25.6,24.9,25.8,25.3,94,100,79,983.3,1011.6,22.2
1959-02-25,63,24.1,28.8,20.7,23.9,28.8,34.3,1959-02-25T05:58,1959-02-25T18:13,44131.74,39755.51,11.60,11.60,0.00,13.0,96,100,87,0.481,0.465,0.479,0.495,25.7,25.9,25.7,25.4,89,100,69,983.6,1011.8,22.1
1959-02-26,61,24.3,28.6,21.9,26.1,28.9,33.8,1959-02-26T05:58,1959-02-26T18:13,44110.37,38947.91,15.80,15.80,0.00,16.0,90,100,35,0.482,0.462,0.483,0.487,25.8,26.1,25.7,26.0,90,100,72,983.3,1011.6,22.3
1959-02-27,63,23.5,27.6,20.8,24.5,28.0,32.9,1959-02-27T05:58,1959-02-27T18:13,44088.85,38366.18,20.00,20.00,0.00,20.0,97,100,86,0.492,0.477,0.491,0.499,25.7,25.5,25.8,25.7,92,100,76,983.1,1011.4,22.0
1959-02-28,65,24.2,28.7,20.9,24.3,28.8,34.7,1959-02-28T05:58,1959-02-28T18:12,44067.19,40995.19,21.40,21.40,0.00,12.0,88,100,57,0.497,0.455,0.506,0.483,25.8,26.2,25.7,25.8,90,100,72,982.7,1010.9,22.2
1959-03-01,63,24.1,28.2,20.7,24.2,28.8,34.5,1959-03-01T05:58,1959-03-01T18:12,44045.41,39543.11,13.10,13.10,0.00,12.0,89,100,59,0.502,0.479,0.507,0.493,25.8,26.1,25.8,26.0,91,100,76,983.3,1011.5,22.4
1959-03-02,63,24.2,28.0,21.6,25.5,28.3,33.3,1959-03-02T05:58,1959-03-02T18:12,44023.54,41563.55,3.70,3.70,0.00,5.0,99,100,94,0.504,0.485,0.511,0.487,25.8,25.7,25.8,25.8,89,99,73,983.6,1011.9,22.1
1959-03-03,53,23.8,28.0,21.0,24.5,28.0,33.1,1959-03-03T05:58,1959-03-03T18:11,44001.58,42057.90,3.30,3.30,0.00,12.0,90,100,48,0.499,0.484,0.507,0.476,25.7,25.4,25.8,25.6,89,100,73,982.7,1011.0,21.8
1959-03-04,53,24.1,29.0,21.4,25.3,28.8,34.4,1959-03-04T05:58,1959-03-04T18:11,43979.56,43093.15,2.50,2.50,0.00,10.0,67,100,34,0.497,0.486,0.502,0.486,25.7,25.6,25.7,25.6,90,99,68,982.5,1010.7,22.3
1959-03-05,61,24.1,29.1,21.4,25.3,28.8,36.2,1959-03-05T05:58,1959-03-05T18:10,43957.49,33077.09,5.70,5.70,0.00,6.0,88,100,38,0.501,0.469,0.504,0.498,25.7,25.7,25.7,25.7,91,100,73,981.9,1010.1,22.5
1959-03-06,63,24.2,27.2,21.2,25.0,28.4,32.0,1959-03-06T05:58,1959-03-06T18:10,43935.39,16797.35,7.90,7.90,0.00,9.0,100,100,99,0.503,0.471,0.509,0.491,25.7,25.5,25.7,25.6,89,100,78,981.5,1009.7,22.2
1959-03-07,63,24.0,27.0,21.8,25.4,28.4,31.8,1959-03-07T05:58,1959-03-07T18:10,43913.29,17513.95,18.10,18.10,0.00,15.0,98,100,80,0.503,0.482,0.507,0.498,25.7,25.4,25.7,25.6,92,99,79,981.4,1009.6,22.5
1959-03-08,63,24.2,27.7,21.8,26.2,28.9,32.4,1959-03-08T05:58,1959-03-08T18:09,43891.18,29146.00,13.40,13.40,0.00,17.0,99,100,97,0.501,0.479,0.506,0.489,25.6,25.4,25.7,25.5,90,99,75,981.7,1009.8,22.4
1959-03-09,63,24.4,28.4,21.1,24.7,29.1,33.6,1959-03-09T05:58,1959-03-09T18:09,43869.08,12405.27,22.60,22.60,0.00,24.0,100,100,100,0.501,0.480,0.506,0.491,25.6,25.5,25.7,25.5,91,99,75,982.1,1010.3,22.7
1959-03-10,63,23.8,27.9,21.8,25.8,28.3,33.3,1959-03-10T05:58,1959-03-10T18:08,43847.03,23926.78,17.10,17.10,0.00,20.0,99,100,97,0.503,0.468,0.513,0.479,25.6,25.1,25.7,25.4,93,99,74,982.0,1010.2,22.5
1959-03-11,63,24.3,29.3,21.2,24.9,28.6,33.8,1959-03-11T05:57,1959-03-11T18:08,43825.03,36702.98,13.30,13.30,0.00,9.0,94,100,70,0.493,0.463,0.506,0.460,25.6,25.8,25.6,25.5,89,100,69,982.3,1010.5,22.3
1959-03-12,61,25.3,29.4,22.2,25.9,29.3,34.3,1959-03-12T05:57,1959-03-12T18:07,43803.10,36948.67,4.90,4.90,0.00,5.0,99,100,96,0.487,0.472,0.494,0.467,25.7,26.2,25.6,25.9,83,96,66,982.4,1010.5,22.1
1959-03-13,63,24.5,28.5,21.9,25.8,28.8,33.0,1959-03-13T05:57,1959-03-13T18:07,43781.25,30028.29,14.30,14.30,0.00,15.0,100,100,96,0.480,0.466,0.484,0.472,25.7,25.7,25.7,25.9,89,97,73,981.6,1009.7,22.4
1959-03-14,61,23.9,27.0,21.8,25.9,28.7,32.4,1959-03-14T05:57,1959-03-14T18:07,43759.50,0.00,29.70,29.70,0.00,24.0,100,100,99,0.483,0.470,0.481,0.492,25.6,25.3,25.7,25.6,95,99,87,981.6,1009.8,22.9
1959-03-15,61,24.1,28.7,21.6,25.4,28.5,33.6,1959-03-15T05:57,1959-03-15T18:06,43737.86,11542.67,11.50,11.50,0.00,24.0,100,100,98,0.494,0.473,0.498,0.487,25.6,25.7,25.7,25.5,91,98,77,981.4,1009.6,22.5
1959-03-16,63,23.5,26.0,21.5,25.3,27.6,30.5,1959-03-16T05:57,1959-03-16T18:06,43716.19,7317.19,39.90,39.90,0.00,24.0,96,100,79,0.492,0.497,0.493,0.486,25.5,24.7,25.7,25.3,93,99,82,980.8,1009.1,22.2
1959-03-17,61,24.6,27.4,22.7,26.9,29.3,32.8,1959-03-17T05:57,1959-03-17T18:05,43694.44,29767.42,9.30,9.30,0.00,17.0,83,100,64,0.490,0.498,0.488,0.494,25.5,25.3,25.6,25.2,90,97,78,981.0,1009.2,22.9
1959-03-18,63,24.3,28.0,22.4,26.6,28.9,33.8,1959-03-18T05:57,1959-03-18T18:05,43672.61,39604.07,6.00,6.00,0.00,8.0,91,100,53,0.488,0.472,0.487,0.495,25.5,25.4,25.6,25.4,92,98,79,981.1,1009.3,22.8
1959-03-19,63,24.5,28.8,22.1,26.2,29.5,34.6,1959-03-19T05:57,1959-03-19T18:04,43650.74,33369.27,6.00,6.00,0.00,11.0,95,100,73,0.493,0.480,0.494,0.492,25.5,25.4,25.6,25.4,92,99,76,982.3,1010.5,23.0
1959-03-20,63,24.7,29.3,21.4,25.5,29.9,36.0,1959-03-20T05:57,1959-03-20T18:04,43628.82,33273.22,12.60,12.60,0.00,10.0,96,100,76,0.494,0.448,0.501,0.485,25.6,26.1,25.6,25.7,90,100,71,983.1,1011.3,22.9
1959-03-21,63,24.5,29.2,21.7,25.7,29.6,36.2,1959-03-21T05:57,1959-03-21T18:03,43606.88,40232.86,6.30,6.30,0.00,9.0,84,100,37,0.498,0.481,0.500,0.495,25.7,26.1,25.6,26.0,91,100,71,983.3,1011.5,22.8
1959-03-22,63,24.5,29.2,21.6,25.6,29.4,35.3,1959-03-22T05:56,1959-03-22T18:03,43584.92,33967.60,13.50,13.50,0.00,13.0,98,100,88,0.499,0.480,0.502,0.495,25.8,26.1,25.7,26.0,91,100,73,984.0,1012.2,22.8
1959-03-23,63,24.5,29.6,21.1,24.8,29.8,38.5,1959-03-23T05:56,1959-03-23T18:02,43562.96,35561.49,18.90,18.90,0.00,8.0,87,100,25,0.498,0.467,0.503,0.494,25.8,26.1,25.7,26.0,91,100,74,983.8,1012.0,22.9
1959-03-24,61,24.5,29.2,21.2,25.0,29.6,35.5,1959-03-24T05:56,1959-03-24T18:02,43541.02,36596.58,11.20,11.20,0.00,15.0,92,100,57,0.501,0.477,0.506,0.490,25.9,26.4,25.7,26.1,91,100,72,982.5,1010.6,22.8
1959-03-25,61,24.0,27.8,21.1,25.1,29.1,34.9,1959-03-25T05:56,1959-03-25T18:01,43519.12,41015.70,8.50,8.50,0.00,11.0,96,100,87,0.499,0.463,0.509,0.480,25.9,26.0,25.8,26.1,93,100,79,981.8,1010.0,22.7
1959-03-26,63,24.1,28.8,21.4,25.3,29.2,37.6,1959-03-26T05:56,1959-03-26T18:01,43497.26,40793.31,6.60,6.60,0.00,7.0,89,100,68,0.493,0.466,0.502,0.471,25.9,26.1,25.8,26.1,91,99,73,982.5,1010.8,22.4
1959-03-27,63,24.1,29.4,21.0,24.8,29.0,36.7,1959-03-27T05:56,1959-03-27T18:00,43475.46,41129.15,17.40,17.40,0.00,12.0,80,99,47,0.493,0.471,0.495,0.491,25.9,26.0,25.8,26.0,90,100,68,983.3,1011.5,22.3
1959-03-28,63,24.3,29.7,21.4,25.0,29.3,37.1,1959-03-28T05:56,1959-03-28T18:00,43453.73,38495.71,7.60,7.60,0.00,9.0,73,100,19,0.492,0.461,0.496,0.485,25.9,26.3,25.9,26.1,90,100,70,983.3,1011.6,22.4
1959-03-29,63,24.3,28.4,21.2,24.8,29.2,35.5,1959-03-29T05:56,1959-03-29T17:59,43432.09,42372.22,10.00,10.00,0.00,9.0,64,100,4,0.493,0.482,0.493,0.493,25.9,26.1,25.9,26.1,91,99,74,983.2,1011.4,22.6
1959-03-30,53,24.7,29.6,20.8,24.4,29.3,35.6,1959-03-30T05:55,1959-03-30T17:59,43410.55,42098.12,2.70,2.70,0.00,11.0,51,100,23,0.493,0.484,0.494,0.491,26.0,26.4,25.9,26.2,86,100,68,983.0,1011.2,22.0
1959-03-31,63,23.9,28.5,21.3,25.1,28.7,34.8,1959-03-31T05:55,1959-03-31T17:58,43389.14,34363.19,18.10,18.10,0.00,9.0,66,100,10,0.490,0.464,0.492,0.490,25.9,25.6,25.9,26.0,92,100,73,983.0,1011.2,22.4
1959-04-01,61,24.3,28.8,20.9,24.4,28.8,34.5,1959-04-01T05:55,1959-04-01T17:58,43367.85,41906.31,4.80,4.80,0.00,8.0,83,100,39,0.488,0.442,0.496,0.475,25.9,26.0,25.9,25.8,87,100,66,981.9,1010.1,21.9
1959-04-02,3,24.1,28.3,21.7,25.1,28.8,35.4,1959-04-02T05:55,1959-04-02T17:57,43346.71,38769.63,0.00,0.00,0.00,0.0,91,100,67,0.483,0.457,0.488,0.474,25.9,25.7,25.9,25.9,89,98,72,982.5,1010.7,22.1
1959-04-03,3,24.5,28.3,20.8,24.3,29.1,35.9,1959-04-03T05:55,1959-04-03T17:57,43325.73,42841.84,0.00,0.00,0.00,0.0,42,84,14,0.479,0.456,0.482,0.480,25.8,25.9,25.9,25.7,86,100,66,983.2,1011.4,21.8
1959-04-04,51,24.3,28.0,21.6,25.7,29.3,35.0,1959-04-04T05:55,1959-04-04T17:57,43304.91,42814.75,0.50,0.50,0.00,5.0,51,78,16,0.478,0.452,0.480,0.483,25.8,25.5,25.9,25.8,91,100,73,981.7,1009.9,22.5
1959-04-05,63,24.5,29.5,21.1,24.9,29.3,35.1,1959-04-05T05:55,1959-04-05T17:56,43284.15,42787.61,4.60,4.60,0.00,8.0,53,100,31,0.480,0.439,0.484,0.481,25.9,26.1,25.8,25.8,88,100,66,980.5,1008.6,22.2
1959-04-06,51,24.4,29.2,21.3,25.1,29.0,35.1,1959-04-06T05:55,1959-04-06T17:56,43263.38,42760.37,1.10,1.10,0.00,6.0,72,100,29,0.481,0.470,0.479,0.492,25.8,25.7,25.8,25.9,89,99,71,981.5,1009.6,22.3
1959-04-07,53,24.1,29.4,21.0,24.7,28.8,35.7,1959-04-07T05:55,1959-04-07T17:55,43242.61,40885.23,2.80,2.80,0.00,10.0,52,100,21,0.483,0.469,0.482,0.494,25.8,26.0,25.8,25.8,90,100,69,982.6,1010.8,22.2
1959-04-08,65,24.5,29.0,21.4,25.4,29.2,34.5,1959-04-08T05:54,1959-04-08T17:55,43221.85,40218.71,24.80,24.80,0.00,14.0,76,99,41,0.486,0.481,0.486,0.484,25.9,26.3,25.8,26.1,87,100,66,981.4,1009.6,22.1
1959-04-09,63,25.1,29.7,20.9,24.2,29.5,36.1,1959-04-09T05:54,1959-04-09T17:54,43201.13,42678.54,7.00,7.00,0.00,11.0,90,100,49,0.480,0.473,0.481,0.478,25.9,26.2,25.9,26.1,82,99,59,980.9,1008.9,21.4
1959-04-10,61,24.9,29.5,20.5,23.8,29.5,35.1,1959-04-10T05:54,1959-04-10T17:54,43180.45,42651.39,3.40,3.40,0.00,6.0,50,81,30,0.473,0.464,0.475,0.468,26.0,26.2,25.9,26.1,84,98,60,981.0,1009.1,21.9
1959-04-11,63,25.0,29.3,20.7,24.0,29.6,35.0,1959-04-11T05:54,1959-04-11T17:53,43159.84,40430.70,14.20,14.20,0.00,9.0,64,90,31,0.468,0.470,0.470,0.463,26.0,26.5,25.9,26.3,85,99,65,980.9,1009.0,22.1
1959-04-12,55,24.9,27.8,22.3,26.6,29.8,34.1,1959-04-12T05:54,1959-04-12T17:53,43139.29,40929.46,3.40,3.40,0.00,12.0,59,91,33,0.467,0.488,0.465,0.466,26.0,26.1,26.0,26.3,88,97,75,980.9,1009.0,22.7
1959-04-13,61,24.4,28.7,21.2,25.2,29.1,33.8,1959-04-13T05:54,1959-04-13T17:53,43118.84,41374.03,4.90,4.90,0.00,15.0,65,98,33,0.468,0.481,0.462,0.486,26.0,25.9,26.0,26.0,91,99,76,981.8,1009.9,22.7
1959-04-14,61,24.3,29.0,21.2,25.5,29.2,34.5,1959-04-14T05:54,1959-04-14T17:52,43098.48,26511.34,8.70,8.70,0.00,22.0,96,100,87,0.468,0.481,0.460,0.488,26.0,26.0,26.0,25.9,91,100,72,983.2,1011.4,22.5
1959-04-15,61,24.6,29.3,21.4,25.2,29.5,36.1,1959-04-15T05:54,1959-04-15T17:52,43078.25,28722.53,7.80,7.80,0.00,10.0,99,100,90,0.469,0.496,0.459,0.493,26.0,26.2,26.0,26.1,90,100,76,983.3,1011.5,22.8
1959-04-16,63,24.4,28.7,21.3,25.2,29.4,35.6,1959-04-16T05:54,1959-04-16T17:51,43058.15,38766.53,8.90,8.90,0.00,12.0,82,100,25,0.475,0.488,0.467,0.499,26.0,26.3,26.0,26.2,91,99,78,982.7,1010.9,22.7
1959-04-17,53,24.9,29.6,21.0,24.6,29.6,36.2,1959-04-17T05:54,1959-04-17T17:51,43038.18,42077.69,1.60,1.60,0.00,6.0,54,100,13,0.476,0.475,0.474,0.483,26.0,26.3,26.0,26.2,85,100,63,981.9,1010.1,22.0
1959-04-18,61,24.5,28.7,20.8,24.7,29.4,34.8,1959-04-18T05:53,1959-04-18T17:50,43018.39,36690.34,7.30,7.30,0.00,13.0,63,100,26,0.473,0.480,0.471,0.480,26.1,26.2,26.0,26.2,89,100,70,982.2,1010.4,22.5
1959-04-19,63,24.4,28.6,21.1,24.8,29.3,35.3,1959-04-19T05:53,1959-04-19T17:50,42998.76,37825.70,9.00,9.00,0.00,10.0,92,100,80,0.475,0.483,0.469,0.493,26.1,26.2,26.0,26.1,89,99,71,982.3,1010.5,22.4
1959-04-20,51,24.9,29.0,20.9,24.5,29.5,34.8,1959-04-20T05:53,1959-04-20T17:50,42979.32,39391.55,1.40,1.40,0.00,9.0,60,100,12,0.476,0.489,0.470,0.496,26.1,26.4,26.0,26.3,85,100,65,981.9,1010.1,22.1
1959-04-21,63,25.0,28.9,21.6,25.9,30.0,35.0,1959-04-21T05:53,1959-04-21T17:49,42960.10,36672.66,25.90,25.90,0.00,14.0,81,100,36,0.475,0.482,0.469,0.493,26.1,26.4,26.0,26.3,88,98,72,982.2,1010.3,22.7
1959-04-22,63,24.3,27.7,22.2,26.8,29.4,34.2,1959-04-22T05:53,1959-04-22T17:49,42941.09,35213.76,14.50,14.50,0.00,15.0,93,99,63,0.496,0.466,0.499,0.495,26.1,26.0,26.1,26.2,91,100,79,981.6,1009.8,22.8
1959-04-23,61,24.5,29.3,20.8,24.3,29.2,35.6,1959-04-23T05:53,1959-04-23T17:49,42922.32,19049.33,3.30,3.30,0.00,9.0,99,100,91,0.500,0.474,0.507,0.485,26.1,26.1,26.1,26.0,89,100,71,981.5,1009.6,22.4
1959-04-24,63,24.6,29.1,21.0,25.0,29.4,35.3,1959-04-24T05:53,1959-04-24T17:48,42903.80,33357.68,8.50,8.50,0.00,8.0,90,100,24,0.497,0.473,0.505,0.474,26.1,26.1,26.0,26.1,89,100,68,981.6,1009.8,22.4
1959-04-25,61,24.6,29.4,20.9,24.2,29.7,37.4,1959-04-25T05:53,1959-04-25T17:48,42885.41,39614.11,5.10,5.10,0.00,5.0,63,99,8,0.498,0.467,0.505,0.483,26.1,26.2,26.0,26.1,90,100,73,981.4,1009.5,22.7
1959-04-26,61,24.4,29.4,21.2,24.8,29.3,35.9,1959-04-26T05:53,1959-04-26T17:48,42867.09,35106.50,5.90,5.90,0.00,10.0,96,100,80,0.497,0.442,0.511,0.470,26.1,26.2,26.1,26.2,90,100,71,981.5,1009.6,22.5
1959-04-27,63,24.1,28.9,21.1,24.8,29.1,36.2,1959-04-27T05:53,1959-04-27T17:47,42848.88,25728.04,21.80,21.80,0.00,14.0,94,100,59,0.498,0.480,0.505,0.476,26.0,25.9,26.1,26.1,91,100,76,981.9,1010.1,22.5
1959-04-28,65,24.3,28.9,20.7,24.2,28.9,35.1,1959-04-28T05:53,1959-04-28T17:47,42830.76,31399.55,22.80,22.80,0.00,9.0,95,100,75,0.500,0.490,0.503,0.494,26.0,26.0,26.0,25.9,89,100,67,982.8,1011.0,22.2
1959-04-29,61,24.3,28.8,20.8,24.4,29.1,35.5,1959-04-29T05:53,1959-04-29T17:47,42812.78,39941.31,4.00,4.00,0.00,9.0,73,100,27,0.500,0.472,0.503,0.496,26.0,26.2,26.0,26.1,90,99,73,984.0,1012.2,22.4
1959-04-30,63,24.4,28.7,21.3,25.2,29.2,34.6,1959-04-30T05:53,1959-04-30T17:46,42794.92,38818.72,7.20,7.20,0.00,13.0,81,100,38,0.503,0.467,0.511,0.488,26.0,25.9,26.0,26.1,90,100,73,983.6,1011.8,22.6
1959-05-01,63,24.4,28.4,21.5,25.5,29.3,33.7,1959-05-01T05:53,1959-05-01T17:46,42777.23,34753.64,16.70,16.70,0.00,16.0,84,100,31,0.502,0.476,0.508,0.491,26.0,25.8,26.0,25.9,91,100,73,982.2,1010.4,22.8
1959-05-02,63,23.9,28.2,21.6,25.5,28.5,33.6,1959-05-02T05:53,1959-05-02T17:46,42759.69,26732.65,12.80,12.80,0.00,14.0,96,100,77,0.505,0.482,0.511,0.495,25.9,25.6,26.0,25.8,92,100,75,981.2,1009.4,22.4
1959-05-03,63,24.3,28.7,21.4,25.2,29.0,34.7,1959-05-03T05:53,1959-05-03T17:46,42742.33,29533.09,6.70,6.70,0.00,8.0,99,100,93,0.504,0.492,0.512,0.480,25.9,25.6,25.9,25.7,89,100,72,980.4,1008.6,22.3
1959-05-04,61,23.9,28.5,21.1,24.9,28.6,34.5,1959-05-04T05:53,1959-05-04T17:45,42725.18,35587.74,7.30,7.30,0.00,16.0,99,100,93,0.499,0.487,0.507,0.476,25.8,25.5,25.9,25.6,93,100,76,980.8,1009.0,22.6
1959-05-05,63,24.5,28.3,21.3,24.9,29.1,32.9,1959-05-05T05:53,1959-05-05T17:45,42708.22,37730.56,4.70,4.70,0.00,10.0,72,100,30,0.495,0.487,0.502,0.477,25.8,25.6,25.9,25.6,89,100,74,981.5,1009.6,22.6
1959-05-06,63,25.4,29.6,22.0,26.2,30.3,35.4,1959-05-06T05:53,1959-05-06T17:45,42691.50,39855.20,3.40,3.40,0.00,6.0,57,100,21,0.489,0.472,0.495,0.473,25.9,26.3,25.8,25.9,86,100,65,981.6,1009.7,22.8
1959-05-07,61,24.6,29.4,21.5,25.5,29.4,34.8,1959-05-07T05:53,1959-05-07T17:45,42675.02,37253.07,6.60,6.60,0.00,13.0,81,100,20,0.484,0.481,0.489,0.469,25.9,25.9,25.9,26.0,89,99,68,981.6,1009.7,22.6
1959-05-08,55,24.9,28.9,21.5,25.4,29.7,34.6,1959-05-08T05:53,1959-05-08T17:44,42658.80,40939.07,2.50,2.50,0.00,7.0,75,100,20,0.483,0.487,0.483,0.482,25.9,26.0,25.9,25.9,86,99,67,980.5,1008.6,22.3
1959-05-09,61,24.5,28.5,21.6,25.8,29.5,34.4,1959-05-09T05:54,1959-05-09T17:44,42642.85,39110.21,4.10,4.10,0.00,6.0,94,100,87,0.481,0.487,0.478,0.486,25.9,25.7,25.9,25.9,92,99,74,980.5,1008.7,23.0
1959-05-10,61,24.5,29.3,21.5,25.5,29.2,34.8,1959-05-10T05:54,1959-05-10T17:44,42627.19,37976.60,4.80,4.80,0.00,10.0,98,100,93,0.480,0.482,0.476,0.497,25.8,25.7,25.9,25.8,89,100,67,980.6,1008.7,22.4
1959-05-11,63,24.8,29.3,21.6,25.7,29.9,36.1,1959-05-11T05:54,1959-05-11T17:44,42611.84,30428.61,7.10,7.10,0.00,11.0,99,100,92,0.480,0.474,0.475,0.497,25.8,25.9,25.9,25.8,89,100,73,980.5,1008.6,22.9
1959-05-12,61,24.9,29.4,22.6,27.3,30.0,35.3,1959-05-12T05:54,1959-05-12T17:44,42596.81,39237.54,3.60,3.60,0.00,12.0,96,100,88,0.479,0.486,0.474,0.493,25.9,26.0,25.9,25.9,89,98,71,980.7,1008.8,22.9
1959-05-13,61,24.5,28.9,21.5,25.8,29.5,34.0,1959-05-13T05:54,1959-05-13T17:44,42582.12,37122.44,7.00,7.00,0.00,9.0,86,100,52,0.481,0.481,0.476,0.497,25.8,25.7,25.9,25.9,90,100,72,980.2,1008.3,22.6
1959-05-14,61,24.4,28.9,21.7,25.9,29.5,34.9,1959-05-14T05:54,1959-05-14T17:43,42567.78,36905.88,4.20,4.20,0.00,11.0,83,100,52,0.480,0.468,0.481,0.482,25.8,25.7,25.9,25.8,92,100,74,979.9,1008.0,22.9
1959-05-15,61,24.6,29.8,21.3,25.0,29.5,35.6,1959-05-15T05:54,1959-05-15T17:43,42553.69,39030.73,7.70,7.70,0.00,12.0,69,94,23,0.482,0.478,0.481,0.489,25.9,26.1,25.8,25.9,89,100,66,980.0,1008.1,22.5
1959-05-16,63,24.7,29.2,21.9,26.2,29.7,36.3,1959-05-16T05:54,1959-05-16T17:43,42539.82,34721.41,18.20,18.20,0.00,17.0,84,100,36,0.487,0.468,0.487,0.490,25.9,26.1,25.9,26.0,90,100,73,980.0,1008.1,22.8
1959-05-17,63,24.6,29.3,21.3,25.1,29.5,35.1,1959-05-17T05:54,1959-05-17T17:43,42526.17,36975.53,12.60,12.60,0.00,8.0,96,100,86,0.486,0.473,0.488,0.483,25.9,26.2,25.9,26.1,90,100,71,979.8,1007.9,22.8
1959-05-18,63,24.2,27.2,22.3,26.9,29.1,33.3,1959-05-18T05:54,1959-05-18T17:43,42512.75,9757.04,17.60,17.60,0.00,19.0,100,100,99,0.488,0.493,0.487,0.491,25.8,25.3,25.9,25.8,92,100,82,979.9,1008.0,22.8
1959-05-19,65,24.4,28.7,22.2,26.4,29.4,33.9,1959-05-19T05:55,1959-05-19T17:43,42499.58,23225.38,27.10,27.10,0.00,24.0,98,100,85,0.490,0.493,0.488,0.495,25.8,25.5,25.9,25.5,92,99,74,979.8,1007.9,22.9
1959-05-20,61,24.2,26.9,22.0,25.9,29.2,32.6,1959-05-20T05:55,1959-05-20T17:43,42486.67,22652.90,9.20,9.20,0.00,19.0,91,100,48,0.496,0.459,0.500,0.493,25.7,25.4,25.8,25.5,93,100,81,980.5,1008.7,23.0
1959-05-21,63,24.7,28.9,21.8,25.9,29.7,34.6,1959-05-21T05:55,1959-05-21T17:43,42474.04,37193.04,13.10,13.10,0.00,6.0,92,100,78,0.499,0.463,0.506,0.488,25.8,25.9,25.8,25.7,90,100,75,980.7,1008.8,22.9
1959-05-22,63,24.4,28.7,21.6,25.5,29.3,34.0,1959-05-22T05:55,1959-05-22T17:43,42461.68,36671.76,9.70,9.70,0.00,11.0,94,100,74,0.503,0.479,0.512,0.483,25.8,25.7,25.8,25.8,92,100,75,980.5,1008.7,22.9
1959-05-23,61,24.5,28.9,22.5,26.4,29.5,35.7,1959-05-23T05:55,1959-05-23T17:43,42449.63,30158.82,5.00,5.00,0.00,8.0,98,100,91,0.502,0.492,0.510,0.478,25.8,25.7,25.8,25.7,92,98,74,980.4,1008.5,22.9
1959-05-24,53,24.3,29.1,21.9,26.1,29.2,35.5,1959-05-24T05:55,1959-05-24T17:43,42437.89,25023.21,2.20,2.20,0.00,12.0,96,100,74,0.503,0.475,0.509,0.494,25.8,25.7,25.8,25.7,91,99,75,981.3,1009.4,22.6
1959-05-25,55,24.7,28.8,21.3,25.3,29.0,32.6,1959-05-25T05:56,1959-05-25T17:43,42426.47,29297.84,7.50,7.50,0.00,21.0,88,100,63,0.497,0.454,0.508,0.471,25.7,25.7,25.8,25.7,87,100,67,982.3,1010.4,22.1
1959-05-26,61,24.5,28.7,21.4,25.4,29.2,33.5,1959-05-26T05:56,1959-05-26T17:43,42415.40,37630.51,5.80,5.80,0.00,15.0,87,100,62,0.490,0.461,0.500,0.467,25.8,25.8,25.8,25.8,90,99,70,982.1,1010.3,22.6
1959-05-27,63,24.6,29.1,21.7,25.5,29.2,34.8,1959-05-27T05:56,1959-05-27T17:43,42404.67,29343.41,11.90,11.90,0.00,12.0,97,100,86,0.490,0.480,0.492,0.486,25.7,25.7,25.8,25.7,90,100,73,982.4,1010.6,22.8
1959-05-28,51,25.5,29.8,21.7,26.0,30.5,36.1,1959-05-28T05:56,1959-05-28T17:43,42394.31,39761.73,0.60,0.60,0.00,2.0,81,100,50,0.487,0.483,0.486,0.492,25.8,26.3,25.8,25.9,86,100,65,981.5,1009.5,22.6
1959-05-29,51,25.3,29.5,21.6,25.6,29.8,35.5,1959-05-29T05:56,1959-05-29T17:43,42384.32,39776.55,1.20,1.20,0.00,10.0,75,100,40,0.479,0.469,0.479,0.481,25.9,26.3,25.8,26.1,84,100,62,981.5,1009.5,22.1
1959-05-30,55,24.7,29.1,20.6,23.9,29.5,34.9,1959-05-30T05:57,1959-05-30T17:43,42374.73,36377.35,1.90,1.90,0.00,5.0,90,100,35,0.472,0.466,0.473,0.472,25.9,26.0,25.9,26.0,87,100,68,982.1,1010.3,22.3
1959-05-31,53,24.4,28.8,20.3,23.9,29.0,34.2,1959-05-31T05:57,1959-05-31T17:43,42365.54,33790.45,1.70,1.70,0.00,8.0,78,100,36,0.467,0.473,0.466,0.467,25.9,25.9,25.9,25.9,88,100,70,983.0,1011.2,22.1
1959-06-01,61,24.4,29.1,21.0,24.8,29.2,35.1,1959-06-01T05:57,1959-06-01T17:43,42356.78,39534.09,6.30,6.30,0.00,8.0,54,96,17,0.463,0.476,0.461,0.467,25.8,25.7,25.9,25.8,89,100,72,983.4,1011.6,22.3
1959-06-02,63,24.1,29.1,21.1,24.8,28.7,34.7,1959-06-02T05:57,1959-06-02T17:43,42348.44,29472.67,18.90,18.90,0.00,17.0,85,100,37,0.460,0.477,0.456,0.465,25.8,25.5,25.9,25.7,89,100,70,984.3,1012.5,22.1
1959-06-03,61,24.3,29.0,21.1,25.0,28.9,35.2,1959-06-03T05:57,1959-06-03T17:43,42340.55,35650.12,11.50,11.50,0.00,13.0,82,100,28,0.458,0.485,0.452,0.468,25.8,25.7,25.8,25.7,89,100,69,983.9,1012.1,22.1
1959-06-04,51,24.1,27.9,20.2,23.4,28.6,33.7,1959-06-04T05:58,1959-06-04T17:43,42333.04,37084.39,2.70,2.70,0.00,13.0,73,100,31,0.460,0.473,0.450,0.492,25.7,25.4,25.8,25.6,89,99,74,983.3,1011.5,22.0
1959-06-05,61,24.0,28.0,21.0,24.4,28.5,34.1,1959-06-05T05:58,1959-06-05T17:43,42325.90,35934.31,4.20,4.20,0.00,7.0,73,100,27,0.460,0.475,0.450,0.491,25.7,25.3,25.8,25.5,90,100,75,983.3,1011.6,22.1
1959-06-06,53,24.1,28.6,21.1,24.7,28.6,34.1,1959-06-06T05:58,1959-06-06T17:43,42319.12,38954.75,1.40,1.40,0.00,8.0,76,100,22,0.459,0.478,0.449,0.487,25.7,25.5,25.7,25.5,90,100,68,983.5,1011.7,22.1
1959-06-07,61,24.5,29.0,20.2,23.4,29.1,35.1,1959-06-07T05:58,1959-06-07T17:44,42312.71,34489.50,2.60,2.60,0.00,7.0,87,100,13,0.456,0.483,0.447,0.479,25.7,25.7,25.7,25.6,88,99,71,983.2,1011.4,22.2
1959-06-08,63,23.8,27.9,21.3,25.2,28.2,32.7,1959-06-08T05:59,1959-06-08T17:44,42306.68,35071.04,10.70,10.70,0.00,7.0,67,100,11,0.458,0.486,0.446,0.488,25.6,25.2,25.7,25.6,92,100,75,982.3,1010.5,22.2
1959-06-09,61,23.7,27.9,20.9,24.5,28.3,34.0,1959-06-09T05:59,1959-06-09T17:44,42301.04,36288.59,7.50,7.50,0.00,12.0,75,100,18,0.462,0.489,0.449,0.497,25.6,25.1,25.7,25.3,91,100,73,981.4,1009.6,22.0
1959-06-10,63,23.6,28.2,21.4,25.0,28.2,34.5,1959-06-10T05:59,1959-06-10T17:44,42295.77,33466.40,11.10,11.10,0.00,15.0,90,100,65,0.469,0.481,0.459,0.498,25.5,25.2,25.6,25.3,92,100,76,981.9,1010.2,22.2
1959-06-11,63,24.3,29.2,21.0,24.6,28.9,34.4,1959-06-11T05:59,1959-06-11T17:44,42290.90,25316.44,7.40,7.40,0.00,13.0,91,100,61,0.478,0.466,0.477,0.483,25.6,25.7,25.6,25.4,90,100,72,982.3,1010.4,22.5
1959-06-12,61,23.7,28.1,21.6,25.2,28.2,33.2,1959-06-12T06:00,1959-06-12T17:44,42286.43,10723.81,8.50,8.50,0.00,16.0,100,100,98,0.488,0.486,0.487,0.494,25.6,25.2,25.6,25.5,92,98,75,983.0,1011.2,22.2
1959-06-13,53,23.7,27.2,21.1,24.7,27.9,31.8,1959-06-13T06:00,1959-06-13T17:44,42282.36,24538.74,3.30,3.30,0.00,12.0,98,100,89,0.503,0.501,0.506,0.495,25.4,24.7,25.6,25.1,88,100,71,982.5,1010.8,21.5
1959-06-14,63,23.8,28.5,21.8,25.8,28.3,34.9,1959-06-14T06:00,1959-06-14T17:45,42278.70,29395.36,5.10,5.10,0.00,6.0,92,100,54,0.503,0.485,0.507,0.496,25.4,24.9,25.5,25.0,91,98,73,981.3,1009.5,22.1
1959-06-15,63,23.1,25.5,21.5,25.3,27.5,30.1,1959-06-15T06:00,1959-06-15T17:45,42275.45,23273.35,5.30,5.30,0.00,5.0,100,100,97,0.504,0.493,0.510,0.488,25.2,24.2,25.5,24.8,95,100,83,981.2,1009.5,22.1
1959-06-16,53,24.2,28.2,21.5,25.4,28.9,33.6,1959-06-16T06:01,1959-06-16T17:45,42272.61,26486.11,2.60,2.60,0.00,6.0,99,100,95,0.504,0.491,0.510,0.489,25.3,25.2,25.4,24.9,91,99,72,981.1,1009.3,22.5
1959-06-17,51,24.1,27.3,22.2,26.7,28.9,32.4,1959-06-17T06:01,1959-06-17T17:45,42270.20,41837.22,1.80,1.80,0.00,11.0,81,100,45,0.499,0.468,0.512,0.463,25.3,25.1,25.4,25.2,91,99,73,981.6,1009.8,22.5
1959-06-18,51,24.2,28.3,21.5,25.4,28.9,35.2,1959-06-18T06:01,1959-06-18T17:45,42268.21,38343.19,1.20,1.20,0.00,8.0,70,100,24,0.491,0.470,0.502,0.461,25.3,25.4,25.4,25.2,89,100,72,980.8,1008.9,22.2
1959-06-19,51,24.8,29.4,20.8,24.3,29.5,35.6,1959-06-19T06:01,1959-06-19T17:46,42266.66,40468.84,0.70,0.70,0.00,4.0,69,100,13,0.483,0.463,0.492,0.458,25.4,25.8,25.4,25.5,87,100,65,981.0,1009.1,22.3
1959-06-20,63,25.0,29.3,20.9,24.5,29.8,35.2,1959-06-20T06:01,1959-06-20T17:46,42265.54,39345.68,9.30,9.30,0.00,6.0,77,100,16,0.474,0.454,0.483,0.453,25.5,25.9,25.4,25.7,86,100,67,981.8,1009.9,22.4
1959-06-21,53,24.0,27.7,21.6,25.6,28.8,33.8,1959-06-21T06:02,1959-06-21T17:46,42264.86,37541.48,1.70,1.70,0.00,8.0,60,100,17,0.469,0.468,0.475,0.451,25.5,25.4,25.5,25.6,92,100,77,981.9,1010.1,22.6
1959-06-22,51,24.1,28.9,21.1,24.7,28.8,35.5,1959-06-22T06:02,1959-06-22T17:46,42264.62,40016.59,1.50,1.50,0.00,6.0,38,100,0,0.467,0.479,0.468,0.460,25.5,25.4,25.5,25.4,89,100,71,981.8,1010.0,22.2
1959-06-23,2,24.5,28.9,20.5,23.7,28.7,33.6,1959-06-23T06:02,1959-06-23T17:46,42264.83,41830.93,0.00,0.00,0.00,0.0,18,64,0,0.462,0.466,0.461,0.460,25.5,25.4,25.5,25.4,84,100,63,981.8,1010.0,21.4
1959-06-24,3,25.4,29.6,21.6,25.2,29.5,34.7,1959-06-24T06:02,1959-06-24T17:47,42265.50,35999.30,0.00,0.00,0.00,0.0,51,96,8,0.455,0.450,0.455,0.454,25.5,25.9,25.5,25.6,80,98,59,982.3,1010.4,21.5
1959-06-25,51,24.3,28.7,20.5,23.7,28.9,34.3,1959-06-25T06:02,1959-06-25T17:47,42266.62,41439.06,1.80,1.80,0.00,10.0,82,98,52,0.451,0.464,0.450,0.450,25.6,25.6,25.5,25.7,87,98,72,982.6,1010.8,22.0
1959-06-26,51,24.1,28.3,20.5,24.0,28.7,34.3,1959-06-26T06:03,1959-06-26T17:47,42268.19,39167.27,1.90,1.90,0.00,10.0,50,67,23,0.450,0.474,0.446,0.458,25.5,25.4,25.6,25.5,88,100,71,982.3,1010.5,21.9
1959-06-27,51,24.3,28.5,20.5,23.7,28.7,34.1,1959-06-27T06:03,1959-06-27T17:47,42270.20,41374.37,2.00,2.00,0.00,12.0,58,100,21,0.446,0.461,0.442,0.455,25.5,25.4,25.5,25.4,86,100,67,982.0,1010.2,21.5
1959-06-28,53,24.2,29.0,20.7,24.0,28.5,34.6,1959-06-28T06:03,1959-06-28T17:48,42272.65,38781.60,1.60,1.60,0.00,5.0,69,100,12,0.442,0.459,0.438,0.450,25.5,25.6,25.5,25.5,86,98,66,981.3,1009.4,21.5
1959-06-29,63,23.9,27.9,21.1,24.8,28.3,33.2,1959-06-29T06:03,1959-06-29T17:48,42275.53,24761.62,6.50,6.50,0.00,11.0,95,100,78,0.440,0.468,0.435,0.449,25.5,25.2,25.6,25.4,89,98,74,982.3,1010.5,21.9
1959-06-30,53,24.3,28.6,20.8,24.4,28.7,34.1,1959-06-30T06:03,1959-06-30T17:48,42278.83,37406.52,1.30,1.30,0.00,4.0,84,100,32,0.438,0.466,0.432,0.450,25.5,25.2,25.5,25.3,86,100,67,983.5,1011.7,21.7
1959-07-01,53,23.8,28.2,21.3,25.0,28.3,33.6,1959-07-01T06:04,1959-07-01T17:48,42282.55,31011.60,3.10,3.10,0.00,8.0,92,100,74,0.441,0.464,0.432,0.466,25.5,25.3,25.5,25.3,90,98,74,983.5,1011.8,22.0
1959-07-02,61,23.5,28.4,20.6,23.8,27.9,34.0,1959-07-02T06:04,1959-07-02T17:48,42286.68,31083.65,5.20,5.20,0.00,8.0,81,100,26,0.452,0.458,0.442,0.487,25.4,25.2,25.5,25.3,91,100,71,982.3,1010.6,21.9
1959-07-03,55,24.1,28.4,19.9,22.9,28.4,33.7,1959-07-03T06:04,1959-07-03T17:49,42291.22,36632.81,4.20,4.20,0.00,13.0,84,100,32,0.454,0.456,0.446,0.481,25.4,25.4,25.5,25.3,85,99,66,982.2,1010.4,21.3
1959-07-04,61,24.5,28.2,22.2,26.7,29.1,34.0,1959-07-04T06:04,1959-07-04T17:49,42296.16,32335.93,6.30,6.30,0.00,16.0,88,100,57,0.451,0.470,0.444,0.470,25.5,25.5,25.5,25.4,88,97,72,983.2,1011.4,22.4
1959-07-05,61,23.6,28.3,21.6,25.6,28.0,33.3,1959-07-05T06:04,1959-07-05T17:49,42301.48,28945.71,4.10,4.10,0.00,12.0,94,100,71,0.455,0.490,0.443,0.485,25.5,25.3,25.5,25.5,91,99,73,983.9,1012.2,22.0
1959-07-06,63,24.0,28.3,20.4,23.8,28.5,33.5,1959-07-06T06:04,1959-07-06T17:49,42307.19,37855.30,5.80,5.80,0.00,9.0,75,100,29,0.457,0.485,0.445,0.490,25.4,25.3,25.5,25.2,89,100,74,983.9,1012.2,22.0
1959-07-07,61,23.8,28.8,20.4,23.7,28.2,35.0,1959-07-07T06:04,1959-07-07T17:50,42313.28,38442.65,3.50,3.50,0.00,7.0,57,100,7,0.456,0.487,0.445,0.483,25.4,25.2,25.5,25.4,88,100,67,984.3,1012.5,21.6
1959-07-08,63,23.8,29.0,20.7,24.0,28.3,34.5,1959-07-08T06:05,1959-07-08T17:50,42319.73,30406.52,11.90,11.90,0.00,8.0,72,100,10,0.455,0.479,0.444,0.484,25.4,25.4,25.5,25.3,89,100,68,983.4,1011.6,21.8
1959-07-09,61,23.5,28.1,20.7,24.5,27.9,33.8,1959-07-09T06:05,1959-07-09T17:50,42326.56,38507.70,5.10,5.10,0.00,8.0,55,100,12,0.455,0.479,0.445,0.485,25.4,25.1,25.5,25.3,91,100,71,982.4,1010.7,21.7
1959-07-10,53,23.4,27.8,20.2,23.4,27.3,33.3,1959-07-10T06:05,1959-07-10T17:50,42333.74,40320.45,1.30,1.30,0.00,7.0,40,100,4,0.454,0.482,0.444,0.479,25.3,25.0,25.4,25.1,89,100,73,983.0,1011.3,21.4
1959-07-11,51,24.1,28.5,19.5,22.5,27.8,33.1,1959-07-11T06:05,1959-07-11T17:51,42341.27,40583.57,0.20,0.20,0.00,2.0,38,100,4,0.450,0.469,0.442,0.472,25.3,24.9,25.4,25.0,83,100,61,983.3,1011.5,20.6
1959-07-12,53,24.4,28.9,19.2,22.0,28.6,34.8,1959-07-12T06:05,1959-07-12T17:51,42349.14,41325.40,1.40,1.40,0.00,6.0,30,100,5,0.446,0.456,0.440,0.463,25.3,25.1,25.4,25.1,83,100,62,982.3,1010.5,21.0
1959-07-13,51,24.3,29.6,18.4,20.9,28.0,33.9,1959-07-13T06:05,1959-07-13T17:51,42357.36,41882.83,0.60,0.60,0.00,4.0,33,100,0,0.442,0.446,0.438,0.454,25.3,25.3,25.4,25.3,81,98,54,981.4,1009.6,20.4
1959-07-14,53,23.7,28.3,19.8,22.7,27.3,32.4,1959-07-14T06:05,1959-07-14T17:51,42365.98,39677.44,2.40,2.40,0.00,9.0,85,100,38,0.440,0.458,0.436,0.448,25.3,24.7,25.4,25.1,82,99,58,981.3,1009.5,20.2
1959-07-15,51,23.1,27.6,18.2,20.7,26.7,32.6,1959-07-15T06:05,1959-07-15T17:51,42375.04,37924.75,1.00,1.00,0.00,7.0,74,100,27,0.436,0.443,0.433,0.442,25.1,24.2,25.3,24.6,84,100,65,980.9,1009.2,20.1
1959-07-16,3,24.2,29.1,18.3,20.4,27.3,33.0,1959-07-16T06:05,1959-07-16T17:51,42384.50,41954.22,0.00,0.00,0.00,0.0,67,100,2,0.432,0.430,0.431,0.435,25.1,24.5,25.2,24.6,78,97,56,981.4,1009.6,19.8
1959-07-17,55,23.9,29.8,19.1,21.7,28.1,35.9,1959-07-17T06:05,1959-07-17T17:52,42394.38,40341.30,2.60,2.60,0.00,5.0,67,100,3,0.428,0.422,0.428,0.427,25.1,25.0,25.2,24.9,85,98,62,981.5,1009.7,21.0
1959-07-18,51,23.7,29.7,19.9,23.0,28.1,35.9,1959-07-18T06:05,1959-07-18T17:52,42404.64,36437.64,1.60,1.60,0.00,8.0,97,100,83,0.426,0.440,0.426,0.422,25.2,25.2,25.2,25.1,88,100,67,981.3,1009.5,21.5
1959-07-19,63,23.0,27.0,20.5,24.0,27.0,30.9,1959-07-19T06:05,1959-07-19T17:52,42415.28,28933.20,8.20,8.20,0.00,12.0,96,100,78,0.426,0.457,0.424,0.424,25.1,24.5,25.2,25.0,91,99,74,981.6,1009.9,21.3
1959-07-20,53,23.7,27.8,21.3,25.1,27.6,31.7,1959-07-20T06:05,1959-07-20T17:52,42426.27,35686.27,2.70,2.70,0.00,12.0,97,100,74,0.434,0.494,0.423,0.451,25.0,24.4,25.2,24.7,87,98,67,982.5,1010.8,21.3
1959-07-21,3,24.5,28.6,20.9,24.3,28.7,34.6,1959-07-21T06:05,1959-07-21T17:52,42437.62,28768.75,0.00,0.00,0.00,0.0,85,100,38,0.434,0.477,0.422,0.461,25.1,25.2,25.1,24.9,85,98,68,983.1,1011.3,21.7
1959-07-22,51,24.0,28.4,20.8,24.4,28.1,33.9,1959-07-22T06:05,1959-07-22T17:52,42449.29,42020.99,0.80,0.80,0.00,3.0,40,100,3,0.432,0.474,0.421,0.459,25.2,25.1,25.2,25.2,87,100,67,982.5,1010.8,21.6
1959-07-23,55,24.0,28.4,19.7,22.5,28.0,33.2,1959-07-23T06:05,1959-07-23T17:53,42461.29,40910.04,2.30,2.30,0.00,5.0,42,100,3,0.431,0.468,0.420,0.457,25.1,24.9,25.2,25.0,85,98,68,982.2,1010.4,21.1
1959-07-24,63,24.4,28.3,21.5,25.2,28.6,32.8,1959-07-24T06:05,1959-07-24T17:53,42473.59,37685.52,5.60,5.60,0.00,9.0,48,90,6,0.429,0.463,0.419,0.452,25.2,25.3,25.2,25.2,86,98,67,982.6,1010.8,21.7
1959-07-25,51,24.3,29.1,19.6,22.5,28.6,34.7,1959-07-25T06:05,1959-07-25T17:53,42486.17,41037.32,1.60,1.60,0.00,10.0,40,99,5,0.427,0.463,0.418,0.449,25.2,25.4,25.2,25.2,87,98,65,982.8,1011.0,21.7
1959-07-26,51,24.4,29.2,20.2,23.6,29.1,34.6,1959-07-26T06:05,1959-07-26T17:53,42499.04,41280.89,1.40,1.40,0.00,8.0,51,98,23,0.426,0.468,0.417,0.446,25.3,25.7,25.2,25.5,88,99,69,983.3,1011.5,22.1
1959-07-27,53,24.0,28.1,21.1,25.0,28.6,34.4,1959-07-27T06:05,1959-07-27T17:53,42512.16,40715.06,3.50,3.50,0.00,9.0,48,98,18,0.431,0.485,0.416,0.466,25.3,25.3,25.3,25.5,90,99,74,983.3,1011.5,22.2
1959-07-28,55,23.3,27.7,20.0,23.2,27.3,31.7,1959-07-28T06:04,1959-07-28T17:53,42525.54,37858.02,3.40,3.40,0.00,10.0,74,100,23,0.439,0.490,0.419,0.490,25.3,25.0,25.3,25.2,89,99,68,983.4,1011.7,21.2
1959-07-29,55,23.3,28.3,19.1,22.1,27.7,34.7,1959-07-29T06:04,1959-07-29T17:53,42539.15,41521.55,3.40,3.40,0.00,11.0,55,100,23,0.438,0.487,0.421,0.481,25.2,24.7,25.3,24.9,89,100,72,983.8,1012.2,21.3
1959-07-30,51,24.3,28.6,20.1,23.6,28.5,33.3,1959-07-30T06:04,1959-07-30T17:53,42552.99,42127.27,0.90,0.90,0.00,6.0,24,45,1,0.437,0.476,0.422,0.476,25.2,25.2,25.2,25.1,84,100,62,985.0,1013.3,21.2
1959-07-31,51,24.2,28.6,20.0,23.1,28.5,34.5,1959-07-31T06:04,1959-07-31T17:53,42567.04,42141.62,0.90,0.90,0.00,7.0,20,49,2,0.434,0.462,0.421,0.465,25.2,25.3,25.2,25.2,85,98,64,984.9,1013.1,21.3
1959-08-01,51,24.1,28.9,19.6,22.5,27.8,33.7,1959-08-01T06:04,1959-08-01T17:54,42581.28,40446.13,1.60,1.60,0.00,12.0,42,100,7,0.430,0.451,0.421,0.456,25.2,24.8,25.3,25.1,82,99,55,984.7,1013.0,20.5
1959-08-02,3,23.9,28.1,20.0,23.0,27.6,33.3,1959-08-02T06:04,1959-08-02T17:54,42595.72,42170.86,0.00,0.00,0.00,0.0,58,100,12,0.427,0.441,0.419,0.447,25.1,24.4,25.2,24.7,80,98,57,983.6,1011.9,20.1
1959-08-03,3,24.2,28.7,19.5,21.9,27.4,33.1,1959-08-03T06:03,1959-08-03T17:54,42610.44,42185.88,0.00,0.00,0.00,0.0,38,99,0,0.423,0.428,0.418,0.439,25.1,24.8,25.2,24.8,76,96,53,982.7,1010.9,19.3
1959-08-04,3,23.6,28.4,17.5,19.3,26.7,33.0,1959-08-04T06:03,1959-08-04T17:54,42625.50,42201.24,0.00,0.00,0.00,0.0,38,94,0,0.418,0.411,0.416,0.429,25.0,24.4,25.1,24.7,77,97,54,983.0,1011.3,19.0
1959-08-05,3,24.0,29.1,17.6,19.4,27.1,33.6,1959-08-05T06:03,1959-08-05T17:54,42640.88,41299.87,0.00,0.00,0.00,0.0,39,99,0,0.414,0.395,0.414,0.419,25.0,24.6,25.1,24.6,77,98,53,982.4,1010.6,19.3
1959-08-06,3,24.9,29.2,20.5,23.5,28.4,34.0,1959-08-06T06:03,1959-08-06T17:54,42656.55,42232.94,0.00,0.00,0.00,0.0,42,87,2,0.409,0.382,0.411,0.409,25.1,25.4,25.1,25.1,77,96,56,982.7,1010.8,20.3
1959-08-07,2,24.8,29.0,21.3,24.9,28.7,33.5,1959-08-07T06:03,1959-08-07T17:54,42672.51,41086.61,0.00,0.00,0.00,0.0,26,66,5,0.405,0.375,0.409,0.401,25.2,25.5,25.1,25.4,80,97,58,983.3,1011.5,20.9
1959-08-08,2,25.1,30.2,20.1,23.4,29.1,35.0,1959-08-08T06:02,1959-08-08T17:54,42688.74,41325.81,0.00,0.00,0.00,0.0,21,73,1,0.401,0.363,0.407,0.393,25.3,25.9,25.2,25.5,79,98,52,982.9,1011.1,20.8
1959-08-09,51,24.9,29.4,19.1,22.0,28.4,32.8,1959-08-09T06:02,1959-08-09T17:54,42705.21,42282.63,0.20,0.20,0.00,2.0,26,67,2,0.397,0.351,0.405,0.385,25.3,25.3,25.2,25.5,78,99,55,983.4,1011.6,20.4
1959-08-10,51,24.7,30.2,17.7,19.6,27.9,34.4,1959-08-10T06:02,1959-08-10T17:54,42721.93,42299.70,0.50,0.50,0.00,5.0,28,85,2,0.393,0.339,0.403,0.377,25.2,25.2,25.3,25.2,75,98,49,983.7,1011.8,19.4
1959-08-11,63,23.7,28.3,19.5,22.1,27.6,33.1,1959-08-11T06:01,1959-08-11T17:54,42738.86,39269.30,8.70,8.70,0.00,9.0,47,99,17,0.390,0.341,0.400,0.370,25.3,25.2,25.3,25.3,83,98,62,983.5,1011.8,20.5
1959-08-12,51,24.5,29.5,19.6,22.5,28.2,33.2,1959-08-12T06:01,1959-08-12T17:54,42756.00,42334.51,1.30,1.30,0.00,9.0,43,72,14,0.388,0.351,0.399,0.365,25.3,25.6,25.3,25.3,80,99,57,982.3,1010.4,20.5
1959-08-13,51,24.2,28.9,20.6,23.8,28.5,34.6,1959-08-13T06:01,1959-08-13T17:54,42773.34,42352.21,0.70,0.70,0.00,4.0,34,75,10,0.389,0.394,0.397,0.361,25.4,25.8,25.3,25.6,86,97,62,982.4,1010.6,21.4
1959-08-14,51,24.4,27.9,21.0,24.7,28.5,32.1,1959-08-14T06:01,1959-08-14T17:54,42790.84,42370.10,2.10,2.10,0.00,11.0,75,91,44,0.394,0.450,0.396,0.371,25.4,25.7,25.4,25.7,84,98,68,982.3,1010.4,21.5
1959-08-15,63,24.4,28.4,20.3,23.4,28.4,32.8,1959-08-15T06:00,1959-08-15T17:54,42808.51,38915.72,10.10,10.10,0.00,13.0,65,97,23,0.393,0.434,0.394,0.375,25.4,25.7,25.4,25.6,82,98,62,982.5,1010.7,21.0
1959-08-16,51,25.5,29.8,20.5,23.8,29.2,34.1,1959-08-16T06:00,1959-08-16T17:54,42826.32,41190.84,1.00,1.00,0.00,8.0,66,96,26,0.391,0.418,0.393,0.374,25.5,25.9,25.4,25.7,75,95,53,982.0,1010.0,20.3
1959-08-17,51,25.0,29.9,19.0,21.7,28.7,33.6,1959-08-17T06:00,1959-08-17T17:54,42844.28,42424.67,1.10,1.10,0.00,9.0,47,97,7,0.387,0.394,0.391,0.370,25.5,25.8,25.5,25.7,77,98,54,981.0,1009.1,20.4
1959-08-18,61,24.1,29.0,20.4,23.7,28.4,34.3,1959-08-18T05:59,1959-08-18T17:54,42862.34,41709.17,13.00,13.00,0.00,13.0,81,100,20,0.386,0.408,0.389,0.366,25.5,25.6,25.5,25.7,85,98,64,980.6,1008.8,21.3
1959-08-19,63,23.6,28.3,21.2,24.9,27.9,33.5,1959-08-19T05:59,1959-08-19T17:53,42880.52,39870.33,21.80,21.80,0.00,16.0,82,100,46,0.398,0.477,0.389,0.405,25.5,25.4,25.5,25.5,90,98,69,981.0,1009.2,21.7
1959-08-20,51,24.2,27.9,20.5,23.9,28.2,32.6,1959-08-20T05:58,1959-08-20T17:53,42898.78,41033.01,1.60,1.60,0.00,11.0,79,100,34,0.423,0.448,0.403,0.482,25.5,25.4,25.5,25.4,84,100,64,981.8,1010.0,21.1
1959-08-21,51,24.8,29.6,19.9,22.9,28.4,33.6,1959-08-21T05:58,1959-08-21T17:53,42917.12,42499.01,0.20,0.20,0.00,2.0,57,98,14,0.421,0.457,0.405,0.465,25.5,25.5,25.5,25.4,78,97,53,982.8,1010.9,20.3
1959-08-22,51,24.3,29.1,18.7,20.8,27.7,32.8,1959-08-22T05:58,1959-08-22T17:53,42935.52,42498.59,0.80,0.80,0.00,7.0,45,87,7,0.417,0.439,0.405,0.452,25.4,25.2,25.5,25.3,79,95,56,983.2,1011.4,20.1
1959-08-23,61,23.9,28.3,20.2,23.2,28.0,34.1,1959-08-23T05:57,1959-08-23T17:53,42954.12,40397.79,3.60,3.60,0.00,4.0,71,98,10,0.418,0.445,0.404,0.456,25.4,25.3,25.5,25.4,86,96,69,982.5,1010.7,21.3
1959-08-24,63,24.2,29.2,19.8,23.0,28.5,34.7,1959-08-24T05:57,1959-08-24T17:53,42972.95,38905.18,12.10,12.10,0.00,9.0,76,100,31,0.423,0.469,0.405,0.470,25.4,25.5,25.5,25.4,85,100,66,983.0,1011.2,21.4
1959-08-25,53,24.0,28.8,19.0,21.8,28.1,33.7,1959-08-25T05:56,1959-08-25T17:53,42991.98,40672.48,1.80,1.80,0.00,4.0,54,100,20,0.424,0.483,0.405,0.469,25.4,25.2,25.4,25.3,85,100,65,982.5,1010.8,21.1
1959-08-26,51,24.4,27.9,20.9,24.8,28.6,33.5,1959-08-26T05:56,1959-08-26T17:53,43011.23,42587.16,1.00,1.00,0.00,8.0,50,85,21,0.424,0.481,0.406,0.469,25.4,25.4,25.4,25.4,84,99,71,982.6,1010.8,21.4
1959-08-27,61,23.7,28.0,21.3,24.9,28.1,33.6,1959-08-27T05:56,1959-08-27T17:53,43030.65,42114.38,4.50,4.50,0.00,8.0,41,97,13,0.427,0.481,0.408,0.477,25.4,25.3,25.4,25.4,89,98,70,983.0,1011.3,21.7
1959-08-28,63,24.0,27.8,21.5,25.1,28.4,34.0,1959-08-28T05:55,1959-08-28T17:53,43050.25,40229.36,5.90,5.90,0.00,12.0,61,98,30,0.439,0.476,0.422,0.483,25.4,25.5,25.4,25.4,87,98,71,983.1,1011.3,21.7
1959-08-29,53,24.4,28.9,20.7,24.1,28.8,34.9,1959-08-29T05:55,1959-08-29T17:52,43070.01,41407.01,2.30,2.30,0.00,8.0,72,100,22,0.438,0.475,0.423,0.474,25.5,25.8,25.4,25.5,85,99,64,981.6,1009.7,21.6
1959-08-30,61,24.5,27.6,21.9,26.1,28.7,32.2,1959-08-30T05:54,1959-08-30T17:52,43089.91,40937.49,4.40,4.40,0.00,11.0,88,99,41,0.436,0.473,0.423,0.466,25.6,25.8,25.5,25.8,83,97,68,982.0,1010.2,21.3
1959-08-31,3,24.4,28.4,19.8,22.9,28.0,33.3,1959-08-31T05:54,1959-08-31T17:52,43109.94,42555.69,0.00,0.00,0.00,0.0,58,99,10,0.433,0.458,0.423,0.459,25.5,25.3,25.5,25.4,80,99,60,982.2,1010.4,20.5
1959-09-01,3,24.3,29.9,18.2,20.5,27.8,35.0,1959-09-01T05:53,1959-09-01T17:52,43130.09,42346.84,0.00,0.00,0.00,0.0,32,88,0,0.428,0.438,0.422,0.448,25.4,25.2,25.5,25.2,78,100,53,982.1,1010.3,19.8
1959-09-02,53,24.7,29.7,19.1,21.4,28.8,35.6,1959-09-02T05:53,1959-09-02T17:52,43150.33,42537.88,0.80,0.80,0.00,4.0,37,89,3,0.424,0.421,0.420,0.437,25.4,25.6,25.4,25.4,79,98,60,982.3,1010.5,20.6
1959-09-03,61,25.2,29.9,20.0,23.1,29.6,36.1,1959-09-03T05:52,1959-09-03T17:52,43170.67,40659.45,3.60,3.60,0.00,6.0,56,95,5,0.423,0.446,0.418,0.432,25.5,25.8,25.5,25.7,82,98,59,982.9,1011.0,21.6
1959-09-04,63,24.7,29.9,20.1,23.7,29.3,36.2,1959-09-04T05:52,1959-09-04T17:52,43191.08,28626.73,11.60,11.60,0.00,12.0,88,100,40,0.425,0.466,0.417,0.438,25.6,25.9,25.5,25.8,85,100,65,983.7,1011.9,21.9
1959-09-05,63,24.6,29.4,19.7,22.2,28.8,34.9,1959-09-05T05:51,1959-09-05T17:51,43211.55,37569.40,4.00,4.00,0.00,6.0,88,100,29,0.423,0.461,0.416,0.438,25.6,25.8,25.5,25.7,83,99,65,983.0,1011.1,21.4
1959-09-06,63,23.9,28.3,20.5,24.2,28.4,33.7,1959-09-06T05:51,1959-09-06T17:51,43232.07,39852.02,11.30,11.30,0.00,15.0,81,100,43,0.427,0.471,0.415,0.453,25.6,25.5,25.6,25.7,89,98,71,983.0,1011.3,21.8
1959-09-07,63,24.2,29.4,19.8,22.7,28.6,36.9,1959-09-07T05:50,1959-09-07T17:51,43252.63,37814.61,21.20,21.20,0.00,13.0,59,99,16,0.433,0.482,0.416,0.476,25.6,25.8,25.6,25.6,87,99,67,982.6,1010.8,21.6
1959-09-08,61,24.2,28.6,21.3,24.9,28.6,33.8,1959-09-08T05:50,1959-09-08T17:51,43273.20,40427.25,4.40,4.40,0.00,11.0,67,90,41,0.435,0.483,0.417,0.481,25.5,25.4,25.6,25.6,87,98,66,982.4,1010.6,21.6
1959-09-09,51,24.0,27.8,20.6,24.0,28.1,33.7,1959-09-09T05:49,1959-09-09T17:51,43293.79,42471.84,0.10,0.10,0.00,1.0,40,99,4,0.437,0.469,0.420,0.483,25.5,25.2,25.6,25.4,85,99,70,982.0,1010.3,21.2
1959-09-10,51,23.9,28.3,19.7,23.0,28.1,34.3,1959-09-10T05:49,1959-09-10T17:51,43314.37,42462.48,1.40,1.40,0.00,9.0,34,71,8,0.436,0.477,0.422,0.473,25.4,25.1,25.5,25.2,86,99,72,982.0,1010.2,21.3
1959-09-11,51,24.8,31.1,17.5,19.6,28.4,35.9,1959-09-11T05:48,1959-09-11T17:50,43334.94,42453.19,0.30,0.30,0.00,2.0,27,74,0,0.434,0.465,0.422,0.466,25.4,25.3,25.5,25.2,77,100,52,981.3,1009.5,20.1
1959-09-12,51,25.1,29.8,21.4,25.2,29.3,34.4,1959-09-12T05:48,1959-09-12T17:50,43355.61,42443.56,2.20,2.20,0.00,11.0,56,78,27,0.430,0.448,0.421,0.455,25.5,25.8,25.5,25.6,81,98,59,982.2,1010.3,21.4
1959-09-13,53,24.5,29.8,20.1,23.3,28.9,35.8,1959-09-13T05:47,1959-09-13T17:50,43376.45,40737.64,3.20,3.20,0.00,12.0,57,95,25,0.431,0.464,0.420,0.459,25.6,26.0,25.5,25.8,85,98,61,982.6,1010.8,21.5
1959-09-14,51,24.8,28.7,21.0,24.2,29.2,35.6,1959-09-14T05:47,1959-09-14T17:50,43397.42,42423.24,0.40,0.40,0.00,3.0,59,84,30,0.443,0.442,0.433,0.479,25.7,26.1,25.5,25.9,81,97,65,982.4,1010.5,21.2
1959-09-15,51,24.8,29.8,19.7,22.4,28.6,35.0,1959-09-15T05:46,1959-09-15T17:50,43418.52,40977.49,0.20,0.20,0.00,2.0,79,100,25,0.440,0.449,0.433,0.464,25.6,25.8,25.6,25.8,79,97,57,983.4,1011.5,20.6
1959-09-16,53,25.0,29.8,19.8,22.7,29.0,35.5,1959-09-16T05:46,1959-09-16T17:50,43439.75,42401.84,1.40,1.40,0.00,8.0,76,100,14,0.436,0.440,0.432,0.452,25.7,25.9,25.6,25.8,80,98,57,983.5,1011.6,21.0
1959-09-17,65,24.1,28.6,20.4,23.7,28.5,34.5,1959-09-17T05:45,1959-09-17T17:49,43461.08,34391.93,25.20,25.20,0.00,10.0,100,100,98,0.444,0.470,0.435,0.467,25.6,25.6,25.6,25.7,87,97,69,983.3,1011.5,21.7
1959-09-18,55,24.0,28.2,21.1,24.9,28.5,33.1,1959-09-18T05:45,1959-09-18T17:49,43482.49,25532.58,3.50,3.50,0.00,14.0,100,100,96,0.460,0.460,0.452,0.486,25.6,25.8,25.6,25.7,90,98,75,983.3,1011.5,22.1
1959-09-19,61,23.8,28.5,20.6,24.4,28.3,33.7,1959-09-19T05:44,1959-09-19T17:49,43503.98,37443.71,7.80,7.80,0.00,13.0,100,100,99,0.473,0.455,0.470,0.489,25.6,25.7,25.6,25.7,91,99,73,982.4,1010.7,22.1
1959-09-20,55,23.7,28.1,20.3,23.5,28.0,33.4,1959-09-20T05:43,1959-09-20T17:49,43525.54,37638.89,4.00,4.00,0.00,11.0,78,100,32,0.480,0.466,0.481,0.481,25.6,25.5,25.6,25.6,89,99,70,982.6,1010.9,21.5
1959-09-21,63,23.8,28.5,20.2,23.2,28.2,34.7,1959-09-21T05:43,1959-09-21T17:49,43547.14,41062.67,13.60,13.60,0.00,11.0,48,97,15,0.480,0.486,0.480,0.478,25.6,25.5,25.6,25.4,88,99,70,983.4,1011.6,21.4
1959-09-22,51,24.4,28.8,20.1,23.3,28.6,33.8,1959-09-22T05:42,1959-09-22T17:48,43568.79,41473.09,2.60,2.60,0.00,13.0,49,78,22,0.479,0.483,0.479,0.480,25.6,25.7,25.6,25.6,83,99,62,982.9,1011.1,21.1
1959-09-23,51,25.7,30.7,19.9,23.1,29.9,36.2,1959-09-23T05:42,1959-09-23T17:48,43590.45,42324.63,0.40,0.40,0.00,4.0,46,98,13,0.475,0.465,0.477,0.472,25.7,26.3,25.6,25.9,76,99,53,982.2,1010.3,20.9
1959-09-24,51,25.7,30.1,20.1,23.3,30.1,35.8,1959-09-24T05:41,1959-09-24T17:48,43612.11,42314.01,0.30,0.30,0.00,3.0,65,100,19,0.470,0.445,0.475,0.461,25.8,26.3,25.6,26.1,77,98,57,982.3,1010.4,21.0
1959-09-25,53,25.4,29.2,22.1,26.1,30.1,35.1,1959-09-25T05:41,1959-09-25T17:48,43633.78,41256.89,1.10,1.10,0.00,4.0,55,98,1,0.465,0.439,0.472,0.451,25.9,26.4,25.7,26.3,83,95,70,982.4,1010.5,22.1
1959-09-26,51,24.0,27.6,21.8,25.8,28.8,33.1,1959-09-26T05:40,1959-09-26T17:48,43655.43,33367.66,2.30,2.30,0.00,15.0,99,100,89,0.465,0.458,0.471,0.447,25.8,25.5,25.8,25.9,90,98,73,983.3,1011.5,22.2
1959-09-27,51,24.4,28.6,21.1,25.0,29.1,34.6,1959-09-27T05:40,1959-09-27T17:48,43677.04,42192.92,1.30,1.30,0.00,11.0,94,100,48,0.466,0.474,0.469,0.451,25.7,25.7,25.7,25.7,87,100,68,983.5,1011.7,21.9
1959-09-28,51,24.7,29.1,20.6,23.9,29.0,34.3,1959-09-28T05:39,1959-09-28T17:47,43698.61,37754.01,1.60,1.60,0.00,11.0,85,100,42,0.468,0.469,0.468,0.466,25.7,25.7,25.7,25.7,84,97,70,982.2,1010.3,21.7
1959-09-29,53,25.0,29.5,20.1,23.2,29.5,35.8,1959-09-29T05:39,1959-09-29T17:47,43720.11,42265.88,1.30,1.30,0.00,5.0,43,100,14,0.470,0.466,0.468,0.480,25.8,26.0,25.7,25.8,84,99,65,982.1,1010.3,21.9
1959-09-30,61,24.7,30.1,20.6,24.2,29.4,36.6,1959-09-30T05:38,1959-09-30T17:47,43741.55,42257.61,2.70,2.70,0.00,7.0,51,89,22,0.468,0.475,0.466,0.472,25.8,26.1,25.7,26.0,85,99,64,982.2,1010.3,21.9
1959-10-01,63,25.0,30.1,20.7,24.2,29.8,36.9,1959-10-01T05:38,1959-10-01T17:47,43762.89,40823.14,4.80,4.80,0.00,10.0,42,80,21,0.468,0.481,0.466,0.471,25.9,26.2,25.8,26.0,84,99,64,983.4,1011.6,22.0
1959-10-02,65,24.4,29.1,21.6,25.5,29.1,35.0,1959-10-02T05:37,1959-10-02T17:47,43784.29,38087.08,32.80,32.80,0.00,11.0,61,96,20,0.472,0.480,0.468,0.482,25.9,26.1,25.8,26.1,89,99,68,983.7,1011.9,22.2
1959-10-03,51,25.0,29.5,21.8,25.7,29.7,36.4,1959-10-03T05:37,1959-10-03T17:47,43805.79,42223.29,0.30,0.30,0.00,3.0,81,100,14,0.481,0.466,0.481,0.486,25.9,26.3,25.8,26.1,84,98,63,982.4,1010.6,21.8
1959-10-04,51,25.7,30.2,21.6,25.2,30.1,36.5,1959-10-04T05:36,1959-10-04T17:47,43827.38,42226.94,0.30,0.30,0.00,2.0,62,98,6,0.476,0.457,0.479,0.473,26.0,26.5,25.8,26.2,78,98,55,981.5,1009.5,21.2
1959-10-05,61,25.1,29.0,22.0,25.9,29.6,35.0,1959-10-05T05:36,1959-10-05T17:47,43849.03,40378.22,5.40,5.40,0.00,16.0,79,100,17,0.472,0.450,0.477,0.461,26.0,26.6,25.9,26.4,82,97,64,982.2,1010.3,21.7
1959-10-06,55,24.7,30.2,20.4,23.5,29.2,37.3,1959-10-06T05:35,1959-10-06T17:46,43870.74,40847.14,2.30,2.30,0.00,6.0,60,100,22,0.470,0.464,0.475,0.455,26.0,26.2,25.9,26.2,84,98,61,982.4,1010.6,21.5
1959-10-07,53,24.8,29.3,21.4,25.1,29.5,36.2,1959-10-07T05:35,1959-10-07T17:46,43892.50,41084.32,2.20,2.20,0.00,10.0,86,100,44,0.472,0.470,0.473,0.468,26.0,26.4,25.9,26.3,86,98,70,983.8,1011.9,22.2
1959-10-08,53,24.8,28.9,21.2,24.9,29.6,35.6,1959-10-08T05:34,1959-10-08T17:46,43914.28,41133.68,2.30,2.30,0.00,13.0,70,100,39,0.474,0.472,0.473,0.481,26.0,26.3,26.0,26.2,86,98,69,984.6,1012.8,22.1
1959-10-09,63,24.4,29.2,21.6,25.5,29.0,35.3,1959-10-09T05:34,1959-10-09T17:46,43936.07,37624.57,21.00,21.00,0.00,10.0,68,96,38,0.479,0.481,0.475,0.490,26.1,26.2,26.0,26.3,86,96,70,985.4,1013.7,21.9
1959-10-10,63,23.9,28.7,20.0,23.4,28.2,34.2,1959-10-10T05:33,1959-10-10T17:46,43957.86,39073.02,10.00,10.00,0.00,9.0,54,97,6,0.482,0.457,0.484,0.483,26.0,25.9,26.0,26.0,88,100,73,985.1,1013.4,21.7
1959-10-11,63,24.6,29.7,19.9,22.8,29.0,36.3,1959-10-11T05:33,1959-10-11T17:46,43979.62,40172.95,5.80,5.80,0.00,6.0,63,100,7,0.480,0.465,0.483,0.475,25.9,26.0,26.0,25.9,84,100,63,984.0,1012.2,21.4
1959-10-12,63,24.3,30.1,21.3,24.9,28.8,36.8,1959-10-12T05:32,1959-10-12T17:46,44001.34,35450.50,22.50,22.50,0.00,11.0,68,100,22,0.485,0.467,0.487,0.483,26.0,26.1,25.9,26.1,88,98,64,984.4,1012.7,22.0
1959-10-13,63,24.3,29.8,21.2,24.7,28.8,35.9,1959-10-13T05:32,1959-10-13T17:46,44023.01,38313.57,12.20,12.20,0.00,8.0,54,96,23,0.492,0.464,0.496,0.485,26.0,26.0,25.9,26.0,87,99,62,985.0,1013.3,21.8
1959-10-14,63,24.5,29.3,20.7,24.2,28.9,34.9,1959-10-14T05:32,1959-10-14T17:46,44044.61,40366.27,15.10,15.10,0.00,7.0,51,96,24,0.492,0.478,0.497,0.479,25.9,26.0,25.9,25.9,86,99,70,983.8,1012.0,21.9
1959-10-15,55,25.1,30.2,20.3,23.5,29.2,35.7,1959-10-15T05:31,1959-10-15T17:46,44066.13,40109.70,2.90,2.90,0.00,7.0,93,100,38,0.488,0.476,0.494,0.473,26.0,26.1,25.9,26.0,80,99,59,982.8,1010.9,21.2
1959-10-16,51,25.8,31.1,19.4,21.9,29.4,34.8,1959-10-16T05:31,1959-10-16T17:46,44087.54,41876.65,1.40,1.40,0.00,10.0,76,100,22,0.483,0.460,0.490,0.464,25.9,25.9,25.9,25.9,73,97,50,982.9,1011.0,20.1
1959-10-17,51,26.1,31.0,19.7,22.4,29.8,35.8,1959-10-17T05:30,1959-10-17T17:46,44108.83,42788.44,0.40,0.40,0.00,3.0,29,83,4,0.476,0.436,0.487,0.452,25.9,26.1,25.9,25.9,73,97,50,982.4,1010.4,20.3
1959-10-18,51,25.9,30.3,22.1,25.9,30.1,35.3,1959-10-18T05:30,1959-10-18T17:45,44129.98,42542.89,0.30,0.30,0.00,2.0,42,89,10,0.471,0.438,0.483,0.442,26.0,26.4,25.9,26.2,77,93,56,981.7,1009.8,21.5
1959-10-19,51,25.5,30.0,20.7,24.0,29.7,34.7,1959-10-19T05:30,1959-10-19T17:45,44150.97,42220.39,1.40,1.40,0.00,9.0,49,87,12,0.469,0.455,0.480,0.438,26.1,26.5,25.9,26.3,80,96,56,981.7,1009.8,21.4
1959-10-20,51,26.5,30.8,21.9,25.5,30.5,36.1,1959-10-20T05:29,1959-10-20T17:45,44171.79,42757.36,0.50,0.50,0.00,3.0,69,100,33,0.466,0.444,0.477,0.435,26.1,26.5,26.0,26.4,74,92,54,982.3,1010.3,21.1
1959-10-21,3,26.8,32.9,20.4,23.1,29.9,36.6,1959-10-21T05:29,1959-10-21T17:45,44192.42,42749.71,0.00,0.00,0.00,0.0,54,97,31,0.460,0.418,0.474,0.427,26.1,26.3,26.0,26.2,67,92,43,981.9,1009.9,19.5
1959-10-22,3,27.0,33.1,20.7,23.8,30.6,36.7,1959-10-22T05:29,1959-10-22T17:45,44213.01,42743.02,0.00,0.00,0.00,0.0,92,100,60,0.453,0.394,0.469,0.416,26.1,26.7,26.0,26.4,70,95,42,982.1,1010.0,20.4
1959-10-23,51,27.2,33.3,20.3,23.0,30.8,38.2,1959-10-23T05:28,1959-10-23T17:46,44233.62,42435.88,0.10,0.10,0.00,1.0,88,100,14,0.447,0.374,0.465,0.407,26.2,26.7,26.1,26.5,68,93,43,982.7,1010.6,20.1
1959-10-24,53,26.4,31.2,22.1,25.9,30.9,36.3,1959-10-24T05:28,1959-10-24T17:46,44254.24,40780.12,2.70,2.70,0.00,10.0,94,100,55,0.442,0.372,0.461,0.399,26.3,27.2,26.1,26.8,77,98,56,983.0,1011.0,21.7
1959-10-25,61,26.9,32.3,22.9,26.9,31.2,36.4,1959-10-25T05:28,1959-10-25T17:46,44274.83,42097.66,5.50,5.50,0.00,8.0,56,100,11,0.441,0.403,0.458,0.394,26.4,27.4,26.2,27.0,75,93,47,982.7,1010.6,21.7
1959-10-26,53,27.2,32.6,21.7,25.1,31.3,36.5,1959-10-26T05:27,1959-10-26T17:46,44295.39,38847.85,3.10,3.10,0.00,9.0,80,100,32,0.436,0.386,0.454,0.389,26.4,27.1,26.2,26.9,72,93,48,982.1,1010.0,21.3
1959-10-27,63,25.8,30.5,23.6,27.5,30.6,36.4,1959-10-27T05:27,1959-10-27T17:46,44315.90,31192.74,13.90,13.90,0.00,12.0,98,100,92,0.436,0.402,0.451,0.397,26.5,26.9,26.3,26.9,82,97,63,982.0,1010.0,22.4
1959-10-28,63,25.6,30.6,22.2,26.2,30.5,36.1,1959-10-28T05:27,1959-10-28T17:46,44336.34,32400.87,22.10,22.10,0.00,14.0,94,100,75,0.445,0.433,0.449,0.436,26.5,26.9,26.3,26.8,84,98,63,981.4,1009.5,22.6
1959-10-29,61,24.8,29.5,22.4,26.9,29.8,35.2,1959-10-29T05:27,1959-10-29T17:46,44356.68,30566.58,10.10,10.10,0.00,16.0,99,100,91,0.454,0.453,0.450,0.468,26.4,26.4,26.4,26.6,90,98,72,981.3,1009.4,22.9
1959-10-30,63,24.5,28.7,22.0,26.3,29.4,34.2,1959-10-30T05:26,1959-10-30T17:46,44376.90,26545.89,18.90,18.90,0.00,16.0,96,100,61,0.471,0.462,0.466,0.490,26.3,25.9,26.3,26.1,90,99,73,980.8,1008.9,22.7
1959-10-31,55,25.5,30.0,21.6,25.5,30.2,35.3,1959-10-31T05:26,1959-10-31T17:46,44397.00,40161.39,3.80,3.80,0.00,15.0,96,100,81,0.473,0.471,0.471,0.481,26.3,26.7,26.3,26.4,84,100,63,982.0,1010.0,22.4
1959-11-01,53,24.9,29.7,21.0,24.4,29.6,36.6,1959-11-01T05:26,1959-11-01T17:46,44416.94,40973.37,2.40,2.40,0.00,11.0,90,100,77,0.470,0.469,0.469,0.471,26.4,26.6,26.3,26.5,85,98,66,982.3,1010.4,21.9
1959-11-02,63,24.6,29.5,21.3,24.9,29.4,36.8,1959-11-02T05:26,1959-11-02T17:46,44436.70,39406.75,6.20,6.20,0.00,8.0,87,99,47,0.469,0.476,0.468,0.470,26.3,26.4,26.3,26.4,87,99,67,982.3,1010.5,22.2
1959-11-03,61,25.4,30.3,21.6,25.1,30.2,37.6,1959-11-03T05:26,1959-11-03T17:47,44456.27,41921.18,4.90,4.90,0.00,9.0,49,97,13,0.469,0.474,0.467,0.473,26.4,26.8,26.3,26.5,83,97,64,981.7,1009.7,22.0
1959-11-04,55,25.0,28.7,22.2,26.1,29.8,35.1,1959-11-04T05:25,1959-11-04T17:47,44475.62,42978.68,4.00,4.00,0.00,8.0,37,78,13,0.469,0.484,0.466,0.471,26.4,26.7,26.3,26.7,85,97,73,981.7,1009.8,22.3
1959-11-05,53,25.2,29.8,21.0,24.7,30.0,36.0,1959-11-05T05:25,1959-11-05T17:47,44494.73,41196.92,1.80,1.80,0.00,8.0,41,84,9,0.469,0.482,0.465,0.475,26.4,26.6,26.3,26.6,85,98,66,982.6,1010.7,22.3
1959-11-06,53,24.7,29.3,20.9,24.3,29.3,36.1,1959-11-06T05:25,1959-11-06T17:47,44513.58,41432.27,2.40,2.40,0.00,8.0,52,95,27,0.468,0.484,0.464,0.473,26.3,26.3,26.3,26.4,86,99,70,983.0,1011.2,22.0
1959-11-07,55,24.9,30.5,20.6,23.9,29.7,38.8,1959-11-07T05:25,1959-11-07T17:47,44532.14,43485.66,2.50,2.50,0.00,5.0,28,85,6,0.467,0.481,0.463,0.475,26.4,26.6,26.3,26.4,84,98,62,982.1,1010.2,21.9
1959-11-08,53,25.4,30.5,20.5,23.4,29.5,36.9,1959-11-08T05:25,1959-11-08T17:47,44550.39,42535.91,1.40,1.40,0.00,6.0,34,54,4,0.464,0.467,0.462,0.469,26.3,26.6,26.3,26.5,78,98,53,982.5,1010.6,20.8
1959-11-09,51,25.5,30.8,21.7,25.3,30.3,38.1,1959-11-09T05:25,1959-11-09T17:48,44568.31,40940.09,0.10,0.10,0.00,1.0,71,100,30,0.460,0.460,0.460,0.460,26.4,26.9,26.3,26.7,82,96,62,981.8,1009.8,22.0
1959-11-10,63,25.1,30.7,21.9,25.7,29.8,38.1,1959-11-10T05:25,1959-11-10T17:48,44585.88,38058.48,9.80,9.80,0.00,6.0,70,99,28,0.460,0.468,0.458,0.462,26.5,26.7,26.3,26.7,85,97,64,981.7,1009.8,22.2
1959-11-11,63,24.9,29.8,21.5,25.1,29.4,37.1,1959-11-11T05:25,1959-11-11T17:48,44603.26,42576.36,6.70,6.70,0.00,7.0,57,99,3,0.461,0.460,0.457,0.475,26.4,26.6,26.4,26.6,84,98,62,982.0,1010.2,21.8
1959-11-12,53,25.0,29.9,21.4,24.6,29.5,36.8,1959-11-12T05:25,1959-11-12T17:48,44620.49,42834.55,2.00,2.00,0.00,12.0,41,85,10,0.464,0.460,0.457,0.488,26.4,26.6,26.4,26.5,83,97,66,982.2,1010.3,21.7
1959-11-13,63,25.2,29.7,21.4,24.8,29.9,36.2,1959-11-13T05:25,1959-11-13T17:49,44637.56,38078.86,10.30,10.30,0.00,12.0,83,99,44,0.467,0.469,0.459,0.493,26.4,26.4,26.4,26.5,84,95,68,981.7,1009.8,22.1
1959-11-14,63,25.1,30.5,21.4,25.4,30.0,37.0,1959-11-14T05:25,1959-11-14T17:49,44654.46,35360.53,10.20,10.20,0.00,15.0,86,100,52,0.471,0.461,0.466,0.492,26.4,26.6,26.3,26.5,85,98,65,980.9,1009.0,22.4
1959-11-15,63,24.9,29.1,21.7,26.1,29.8,35.1,1959-11-15T05:25,1959-11-15T17:49,44671.16,36624.23,10.00,10.00,0.00,14.0,88,100,41,0.475,0.462,0.473,0.483,26.4,26.5,26.3,26.5,88,98,71,981.1,1009.2,22.7
1959-11-16,63,24.8,30.2,21.2,24.9,29.7,35.9,1959-11-16T05:25,1959-11-16T17:49,44687.64,40220.39,10.70,10.70,0.00,12.0,64,98,24,0.477,0.484,0.474,0.485,26.4,26.7,26.3,26.5,88,100,65,980.5,1008.6,22.5
1959-11-17,61,25.8,30.1,21.8,26.0,30.4,36.2,1959-11-17T05:25,1959-11-17T17:50,44703.89,42381.79,5.50,5.50,0.00,13.0,71,100,49,0.478,0.490,0.474,0.490,26.5,27.0,26.4,26.8,83,100,62,980.5,1008.5,22.3
1959-11-18,51,25.5,30.0,21.2,24.7,29.9,35.2,1959-11-18T05:25,1959-11-18T17:50,44719.87,43449.33,1.80,1.80,0.00,11.0,61,99,31,0.476,0.486,0.473,0.482,26.5,26.9,26.4,26.8,83,95,61,981.1,1009.1,22.1
1959-11-19,63,25.3,29.4,22.6,27.2,29.8,33.9,1959-11-19T05:25,1959-11-19T17:50,44735.57,36434.27,5.80,5.80,0.00,11.0,92,100,39,0.477,0.485,0.473,0.490,26.5,26.5,26.4,26.6,86,96,71,981.4,1009.5,22.6
1959-11-20,63,25.3,29.0,22.9,27.6,30.4,35.3,1959-11-20T05:25,1959-11-20T17:51,44750.97,34228.03,16.40,16.40,0.00,14.0,99,100,95,0.477,0.481,0.474,0.488,26.5,26.7,26.4,26.6,86,95,71,980.9,1008.9,22.8
1959-11-21,63,24.8,29.2,21.7,25.6,29.5,34.0,1959-11-21T05:25,1959-11-21T17:51,44766.05,31881.71,18.80,18.80,0.00,12.0,100,100,99,0.479,0.484,0.474,0.491,26.5,26.7,26.4,26.7,88,98,68,981.5,1009.6,22.5
1959-11-22,61,24.9,29.9,21.3,25.2,29.9,36.1,1959-11-22T05:25,1959-11-22T17:52,44780.77,34865.69,4.60,4.60,0.00,11.0,99,100,97,0.483,0.477,0.479,0.497,26.5,26.7,26.4,26.6,88,100,65,981.5,1009.6,22.6
1959-11-23,63,24.7,28.8,22.2,26.4,29.5,36.0,1959-11-23T05:25,1959-11-23T17:52,44795.13,36739.21,15.30,15.30,0.00,12.0,99,100,96,0.491,0.467,0.493,0.492,26.5,26.7,26.4,26.7,88,98,72,980.8,1009.0,22.5
1959-11-24,63,24.5,29.1,22.0,25.9,29.4,36.1,1959-11-24T05:26,1959-11-24T17:52,44809.09,38442.30,22.20,22.20,0.00,13.0,96,100,78,0.498,0.458,0.507,0.482,26.5,26.7,26.4,26.6,90,99,72,980.8,1008.9,22.6
1959-11-25,63,24.3,28.9,21.3,25.1,29.2,34.9,1959-11-25T05:26,1959-11-25T17:53,44822.64,38347.21,9.20,9.20,0.00,14.0,98,100,84,0.501,0.486,0.509,0.478,26.4,26.4,26.4,26.5,90,100,73,981.7,1009.8,22.4
1959-11-26,63,24.4,29.1,21.4,25.2,29.2,35.1,1959-11-26T05:26,1959-11-26T17:53,44835.75,31383.26,11.80,11.80,0.00,11.0,98,100,84,0.504,0.470,0.509,0.496,26.4,26.4,26.4,26.4,90,100,71,981.9,1010.0,22.5
1959-11-27,63,24.8,28.5,21.8,26.0,29.6,34.3,1959-11-27T05:26,1959-11-27T17:54,44848.40,32576.47,9.40,9.40,0.00,9.0,89,100,31,0.500,0.441,0.511,0.479,26.4,26.3,26.4,26.4,88,100,73,980.9,1009.0,22.5
1959-11-28,63,24.6,29.3,21.0,24.8,29.3,35.5,1959-11-28T05:26,1959-11-28T17:54,44860.55,35905.85,11.80,11.80,0.00,8.0,96,100,77,0.500,0.470,0.507,0.488,26.3,26.4,26.4,26.3,87,99,70,980.2,1008.3,22.2
1959-11-29,63,24.7,29.0,21.8,25.9,29.7,36.0,1959-11-29T05:27,1959-11-29T17:54,44872.21,30901.73,17.10,17.10,0.00,14.0,96,100,79,0.504,0.472,0.509,0.495,26.3,26.3,26.3,26.4,90,100,74,980.6,1008.7,22.8
1959-11-30,63,24.9,29.4,22.2,26.2,29.8,35.4,1959-11-30T05:27,1959-11-30T17:55,44883.33,30347.09,20.00,20.00,0.00,10.0,98,100,81,0.503,0.467,0.512,0.484,26.3,26.4,26.3,26.4,90,99,71,980.9,1009.0,23.0
1959-12-01,63,24.6,29.1,22.3,26.7,29.6,35.3,1959-12-01T05:27,1959-12-01T17:55,44894.04,33605.22,13.60,13.60,0.00,12.0,100,100,100,0.505,0.494,0.512,0.486,26.3,26.2,26.3,26.3,91,99,74,981.1,1009.3,22.9
1959-12-02,63,24.9,29.1,21.8,25.8,29.9,36.5,1959-12-02T05:27,1959-12-02T17:56,44904.38,37019.43,12.60,12.60,0.00,12.0,93,100,57,0.500,0.472,0.510,0.474,26.3,26.7,26.3,26.4,88,99,71,981.1,1009.2,22.6
1959-12-03,63,24.5,28.6,22.1,26.3,29.3,33.8,1959-12-03T05:28,1959-12-03T17:56,44914.32,27948.71,26.70,26.70,0.00,16.0,99,100,97,0.501,0.473,0.509,0.481,26.3,26.1,26.3,26.4,91,98,72,981.8,1009.9,22.7
1959-12-04,63,24.2,28.1,21.7,25.7,29.0,33.8,1959-12-04T05:28,1959-12-04T17:57,44923.88,18635.76,13.50,13.50,0.00,15.0,100,100,99,0.502,0.495,0.510,0.476,26.2,26.0,26.3,26.2,91,99,75,982.5,1010.7,22.6
1959-12-05,55,24.4,29.3,20.7,24.3,29.1,35.6,1959-12-05T05:28,1959-12-05T17:57,44933.02,34282.72,6.40,6.40,0.00,20.0,91,100,42,0.498,0.483,0.501,0.492,26.2,26.2,26.3,26.1,88,100,67,982.2,1010.3,22.1
1959-12-06,53,24.4,28.4,22.4,26.9,29.4,34.1,1959-12-06T05:29,1959-12-06T17:58,44941.75,25661.51,5.10,5.10,0.00,19.0,98,100,90,0.496,0.470,0.499,0.496,26.2,26.0,26.2,26.2,91,99,73,982.6,1010.7,22.7
1959-12-07,63,24.5,29.1,22.0,26.1,29.2,34.8,1959-12-07T05:29,1959-12-07T17:58,44950.04,36250.04,8.90,8.90,0.00,14.0,92,100,71,0.497,0.477,0.500,0.493,26.2,26.0,26.2,26.1,90,100,70,982.7,1010.9,22.7
1959-12-08,61,24.3,29.2,21.5,25.3,28.3,33.3,1959-12-08T05:29,1959-12-08T17:59,44957.88,17657.09,8.70,8.70,0.00,20.0,96,100,84,0.494,0.484,0.496,0.491,26.1,25.9,26.2,26.0,89,100,69,982.1,1010.3,22.2
1959-12-09,63,23.4,27.2,21.5,25.3,27.4,31.7,1959-12-09T05:30,1959-12-09T17:59,44965.27,12272.58,13.50,13.50,0.00,13.0,99,100,94,0.492,0.474,0.495,0.490,26.0,25.0,26.1,25.6,91,99,76,981.7,1010.0,21.9
1959-12-10,61,23.4,25.8,22.1,25.7,27.2,29.3,1959-12-10T05:30,1959-12-10T18:00,44972.18,22528.72,4.90,4.90,0.00,19.0,99,100,96,0.503,0.489,0.507,0.494,25.7,24.4,26.0,25.0,91,98,77,981.3,1009.6,21.8
1959-12-11,63,24.5,28.7,21.5,24.9,28.7,34.3,1959-12-11T05:31,1959-12-11T18:00,44978.61,37563.29,7.50,7.50,0.00,7.0,92,100,69,0.499,0.464,0.506,0.488,25.7,25.5,25.9,25.2,87,97,72,981.1,1009.3,22.1
1959-12-12,63,24.0,28.8,21.6,25.2,28.1,33.3,1959-12-12T05:31,1959-12-12T18:01,44984.54,19096.78,16.00,16.00,0.00,10.0,99,100,86,0.497,0.464,0.503,0.488,25.8,25.5,25.9,25.6,91,99,71,981.3,1009.4,22.2
1959-12-13,61,24.0,28.8,21.2,24.8,28.5,34.5,1959-12-13T05:31,1959-12-13T18:01,44989.96,35152.52,6.40,6.40,0.00,11.0,98,100,83,0.502,0.491,0.504,0.500,25.8,25.5,25.8,25.6,91,100,69,980.5,1008.6,22.3
1959-12-14,63,24.8,29.7,21.7,25.5,29.2,35.6,1959-12-14T05:32,1959-12-14T18:02,44994.86,42062.25,5.60,5.60,0.00,5.0,79,99,41,0.504,0.476,0.509,0.497,25.8,26.1,25.8,25.8,86,99,68,980.0,1008.1,22.2
1959-12-15,63,24.3,29.3,21.2,24.8,28.6,33.7,1959-12-15T05:32,1959-12-15T18:02,44999.23,43152.18,7.30,7.30,0.00,10.0,70,96,15,0.500,0.472,0.506,0.489,25.9,26.1,25.8,26.0,88,100,66,980.8,1008.9,22.1
1959-12-16,63,24.0,27.9,21.7,25.4,27.9,33.0,1959-12-16T05:33,1959-12-16T18:03,45003.05,33271.01,9.20,9.20,0.00,13.0,96,100,57,0.498,0.463,0.504,0.491,25.8,25.5,25.9,25.9,89,98,75,981.7,1009.9,21.9
1959-12-17,63,23.9,27.5,21.8,25.3,27.7,32.8,1959-12-17T05:33,1959-12-17T18:03,45006.32,39161.28,10.40,10.40,0.00,12.0,86,100,29,0.498,0.458,0.505,0.485,25.8,25.4,25.9,25.6,89,98,75,980.8,1009.0,21.9
1959-12-18,63,23.5,27.1,21.8,25.4,27.0,30.4,1959-12-18T05:34,1959-12-18T18:04,45009.02,24489.85,5.60,5.60,0.00,10.0,100,100,97,0.501,0.476,0.506,0.493,25.6,24.7,25.8,25.2,90,97,74,981.1,1009.3,21.8
1959-12-19,53,23.9,26.7,22.1,25.6,27.5,30.6,1959-12-19T05:34,1959-12-19T18:04,45011.13,21275.08,4.10,4.10,0.00,14.0,99,100,91,0.501,0.478,0.509,0.483,25.5,24.9,25.7,25.1,89,97,78,981.4,1009.6,21.9
1959-12-20,61,24.1,28.0,21.7,25.5,28.0,31.4,1959-12-20T05:34,1959-12-20T18:05,45012.66,33631.75,5.40,5.40,0.00,13.0,94,100,66,0.498,0.468,0.505,0.484,25.5,25.2,25.7,25.2,88,98,72,981.1,1009.3,22.0
1959-12-21,61,23.5,26.7,20.9,24.6,27.4,30.5,1959-12-21T05:35,1959-12-21T18:05,45013.61,40719.41,3.90,3.90,0.00,14.0,96,100,83,0.498,0.464,0.503,0.494,25.5,25.0,25.6,25.2,90,99,78,980.9,1009.1,21.8
1959-12-22,51,23.8,26.8,22.2,25.7,27.9,32.4,1959-12-22T05:35,1959-12-22T18:06,45014.00,39433.30,1.60,1.60,0.00,9.0,87,100,34,0.499,0.469,0.508,0.477,25.5,24.9,25.6,25.2,90,96,76,982.2,1010.4,22.1
1959-12-23,51,24.0,27.6,21.8,25.6,28.3,33.3,1959-12-23T05:36,1959-12-23T18:06,45013.83,43200.00,1.40,1.40,0.00,8.0,85,100,45,0.498,0.483,0.502,0.487,25.5,25.2,25.6,25.2,90,97,77,982.8,1011.1,22.2
1959-12-24,61,23.9,27.6,21.4,25.1,28.1,31.8,1959-12-24T05:36,1959-12-24T18:07,45013.11,40728.83,6.10,6.10,0.00,10.0,90,100,61,0.498,0.476,0.500,0.496,25.4,25.0,25.5,25.2,90,99,75,982.7,1010.9,22.1
1959-12-25,55,23.9,27.5,21.3,25.1,28.4,33.8,1959-12-25T05:37,1959-12-25T18:07,45011.85,36966.49,3.10,3.10,0.00,10.0,97,100,84,0.497,0.478,0.502,0.484,25.4,25.3,25.5,25.2,93,99,80,983.3,1011.6,22.6
1959-12-26,53,24.4,28.4,21.5,25.4,28.9,34.7,1959-12-26T05:37,1959-12-26T18:08,45010.05,40791.61,1.80,1.80,0.00,8.0,98,100,94,0.491,0.482,0.496,0.479,25.5,25.9,25.5,25.6,89,99,75,983.1,1011.3,22.4
1959-12-27,55,24.7,28.9,21.3,24.8,28.8,33.7,1959-12-27T05:38,1959-12-27T18:08,45007.71,43200.00,2.10,2.10,0.00,5.0,55,90,31,0.484,0.472,0.489,0.473,25.6,25.9,25.6,25.8,86,99,70,982.2,1010.4,22.0
1959-12-28,63,24.7,28.7,21.6,25.2,29.2,35.8,1959-12-28T05:38,1959-12-28T18:09,45004.86,41631.32,8.80,8.80,0.00,9.0,61,92,25,0.480,0.469,0.482,0.475,25.7,26.0,25.6,25.9,87,98,72,982.2,1010.3,22.3
1959-12-29,65,24.5,28.1,21.9,25.7,28.8,33.8,1959-12-29T05:39,1959-12-29T18:09,45001.47,37573.30,14.40,14.40,0.00,7.0,72,99,25,0.479,0.470,0.477,0.489,25.7,25.8,25.7,25.9,88,100,73,982.3,1010.4,22.3
1959-12-30,63,24.5,28.7,21.6,25.4,29.3,34.5,1959-12-30T05:40,1959-12-30T18:10,44997.57,37458.63,9.50,9.50,0.00,10.0,86,99,43,0.480,0.476,0.476,0.497,25.7,26.0,25.7,25.8,89,99,72,981.4,1009.5,22.5
1959-12-31,63,23.6,27.7,21.7,25.8,28.0,32.1,1959-12-31T05:40,1959-12-31T18:10,44993.17,29574.36,14.20,14.20,0.00,10.0,98,100,77,0.488,0.484,0.484,0.500,25.6,25.0,25.7,25.6,92,99,74,981.3,1009.5,22.1
