time,temperature_2m_mean,temperature_2m_mean_lower,temperature_2m_mean_upper,precipitation_sum,precipitation_sum_lower,precipitation_sum_upper,soil_moisture_0_7cm_mean,soil_moisture_0_7cm_mean_lower,soil_moisture_0_7cm_mean_upper,soil_temperature_0_7cm_mean,soil_temperature_0_7cm_mean_lower,soil_temperature_0_7cm_mean_upper
2016-01-01,24.68017361367415,24.284779541326817,25.075567686021483,302.63036513198824,215.230923274247,390.0298069897295,0.4723577752500634,0.4499491068620669,0.4947664436380599,25.683394994737057,25.004864691120407,26.361925298353707
2016-02-01,24.575619591930053,24.123243995692235,25.02799518816787,381.55910166365356,294.09586899849205,469.0223343288151,0.4816185700227138,0.45802023890142324,0.5052169011440043,25.704187384601926,24.956724143208184,26.45165062599567
2016-03-01,25.00160649184141,24.502328290678363,25.50088469300446,352.2638784900237,264.7339272347794,439.79382974526806,0.4847962091720258,0.46090442467355675,0.5086879936704949,26.368538989823787,25.590557002009426,27.146520977638147
2016-04-01,25.076055591632667,24.553309884259434,25.5988012990059,306.64967427655984,219.05305376061227,394.2462947925074,0.48151136672019257,0.4576174992772334,0.5054052341631518,26.375210005488647,25.570412376483223,27.18000763449407
2016-05-01,25.09487103135939,24.55697865933599,25.63276340338279,241.10345352021812,153.44021444651557,328.76669259392065,0.47851678702595546,0.45462290470681355,0.5024106693450974,26.074070190056776,25.259433712088402,26.88870666802515
2016-06-01,24.941374403805998,24.393522476101364,25.489226331510633,153.14356911233915,65.41376206837391,240.8733761563044,0.4621892192707879,0.4382953368453971,0.48608310169617863,25.822031545993514,24.996629530234582,26.647433561752447
2016-07-01,24.566191679029743,24.011696824010105,25.12068653404938,174.7796380670748,86.98331352527198,262.57596260887766,0.468066237611444,0.4441723551852944,0.4919601200375936,25.471154158417082,24.64260952915626,26.299698787677904
2016-08-01,24.958822452681186,24.399842177946883,25.51780272741549,184.79395388367467,96.93116220182684,272.6567455655225,0.4528726909763987,0.4289788085502437,0.47676657340255374,26.02156342087652,25.18839317893716,26.85473366281588
2016-09-01,24.886318002966316,24.32427372653902,25.448362279393614,273.01457439875423,185.08536582045514,360.94378297705333,0.484962865832841,0.4610689834066869,0.5088567482589951,26.354798597542597,25.520691165841654,27.18890602924354
2016-10-01,24.881890494076618,24.317728424804034,25.446052563349202,394.9691258685644,306.9735505236399,482.96470121348887,0.4889140981946852,0.4650202157686622,0.5128079806207082,26.07040874862113,25.23417658358162,26.90664091366064
2016-11-01,24.91875463866751,24.353110511400924,25.4843987659341,398.55627381701953,310.494381721943,486.61816591209606,0.4839721185908574,0.46007823618319205,0.5078660009985227,26.48912774121141,25.652654751740023,27.325600730682794
2016-12-01,24.85330114317499,24.28660592749972,25.419996358850256,305.571436453095,217.44327791599002,393.6995949901999,0.4639603957820771,0.44006651344650954,0.48785427811764465,26.415117823663802,25.577593106533968,27.252642540793637
2017-01-01,25.318651990836507,24.750906026040553,25.88639795563246,240.25695571212756,151.9813003554326,328.5326110688225,0.39666905424772486,0.3726371097033564,0.42070099879209333,26.287928913510694,25.415386711678757,27.16047111534263
2017-02-01,24.911029980112666,24.34259701265707,25.479462947568262,323.817238277561,235.47549596961505,412.1589805855069,0.43228120157454786,0.40823425646075895,0.45632814668833677,25.930164684305247,25.046477159203008,26.813852209407486
2017-03-01,25.672556680133763,25.103597601449795,26.24151575881773,244.48232456288807,156.07198043218503,332.8926686935911,0.40416643953535436,0.38011567645287453,0.4282172026178342,26.910872060747945,26.02382419332005,27.79791992817584
2017-04-01,25.784214830309978,25.21488302834073,26.353546632279226,226.7506978905551,138.27180330564204,315.22959247546817,0.41598357598907154,0.39193278564002215,0.44003436633812093,27.127127386318094,26.234972869759645,28.019281902876543
2017-05-01,25.795256442055038,25.22561612406457,26.364896760045507,111.56503747214282,23.01764550243115,200.1124294418545,0.41680163515412033,0.3927508446103274,0.4408524256979133,26.781633315787193,25.88847724922113,27.674789382353257
2017-06-01,25.601929367949122,25.032046064877196,26.171812671021048,81.01536377427269,-7.600472633828858,169.63120018237424,0.40182520367681585,0.377774413131632,0.4258759942219997,26.491863483775603,25.596335681777887,27.38739128577332
2017-07-01,26.0042658162498,25.434188091171805,26.574343541327792,56.89017710616312,-31.794050916507373,145.57440512883363,0.34954239414634314,0.32549160360114937,0.3735931846915369,27.034956267243132,26.13917146159548,27.930741072890783
2017-08-01,27.20112458935423,26.630888821631803,27.771360357076656,24.47701527094921,-64.2755516645859,113.22958220648432,0.2630464513200209,0.23899566077482706,0.2870972418652148,28.575481594565677,27.67850693665553,29.472456252475823
2017-09-01,27.079688177163508,26.509321896744915,27.6500544575821,81.84192909415728,-6.978924174184414,170.66278236249897,0.29209396943711813,0.26804317889192525,0.316144759982311,28.81019523881261,27.913175190601173,29.70721528702405
2017-10-01,25.944895937437632,25.374420172884722,26.515371701990542,234.86461686144477,145.9755297191754,323.7537040037141,0.40474754314628536,0.38069675260123137,0.42879833369133935,27.272807151967857,26.375137576558995,28.17047672737672
2017-11-01,25.847623569539962,25.277054519613763,26.41819261946616,251.59711579053328,162.6398471124873,340.55438446857926,0.38114957945965966,0.35709878893404634,0.405200369985273,27.407423111959343,26.50975456243987,28.305091661478816
2017-12-01,25.72720907415811,25.156559311301276,26.297858837014946,223.55832727375133,134.5329296679374,312.58372487956524,0.3816732074249794,0.3576224169757175,0.4057239978742413,27.301108040499876,26.40305274071363,28.199163340286123
2018-01-01,25.43326682936457,24.86243216348401,26.00410149524513,256.6882023432839,167.5130004185366,345.86340426803116,0.3786770571719552,0.3545490633971428,0.4028050509467676,26.44001683418133,25.488935369994866,27.39109829836779
2018-02-01,25.030513805338913,24.45956230580093,25.601465304876896,283.4325855911346,194.18902888896667,372.6761422933026,0.43457864603875046,0.4104422521602618,0.4587150399172391,26.190930038279173,25.225330269965017,27.15652980659333
2018-03-01,25.528017752459053,24.956955906991354,26.099079597926753,222.949342808822,133.6353218491236,312.2633637685204,0.41441165839393207,0.390273126137825,0.43855019065003914,26.685468117793278,25.715059524667684,27.65587671091887
2018-04-01,25.548907887838876,24.977768825413172,26.12004695026458,202.30632045487886,112.92188863776872,291.690752271989,0.43714988165914376,0.4130113341309679,0.4612884291873196,26.854166831099892,25.877146426353555,27.83118723584623
2018-05-01,25.909820586280613,25.338586083239004,26.481055089322222,75.12987270789182,-14.324914545550527,164.58465996133418,0.4111426310194754,0.3870040833822232,0.4352811786567276,26.856281564277268,25.877769399242034,27.8347937293125
2018-06-01,25.827993058334815,25.256672637354846,26.399313479314785,95.7728108498224,6.247723450536824,185.297898249108,0.39420553412846704,0.3700669864904358,0.4183440817664983,26.754591822243416,25.773047923811518,27.736135720675314
2018-07-01,26.599800224859003,26.028402389114333,27.171198060603672,4.61773502544321,-84.97759735934532,94.21306741023174,0.30751094670113444,0.28337239906309764,0.33164949433917124,27.7228189258529,26.740860020463977,28.70477783124182
2018-08-01,27.299879888303728,26.72841203860768,27.871347737999777,37.12094426708836,-52.54457807250317,126.7864666066799,0.25872565473226405,0.2345871070942272,0.2828642023703009,28.789609188593875,27.806149933162448,29.773068444025302
2018-09-01,27.111593457502323,26.540061921600508,27.68312499340414,61.03080449483653,-28.704852897990676,150.76646188766375,0.29543950359231985,0.271300955954284,0.3195780512303557,29.116247691422124,28.132698615363353,30.099796767480896
2018-10-01,26.77702422625581,26.205434345441017,27.348614107070606,203.27169687250887,113.46595919938484,293.0774345456329,0.35163115198347455,0.3274926043455773,0.3757696996213718,28.28855264480485,27.30419589040043,29.27290939920927
2018-11-01,25.67491887052095,25.103275110797302,26.2465626302446,326.50837655854934,236.6326132499267,416.384139867172,0.41457229350304065,0.390433745884553,0.4387108411215283,27.419974525243898,26.43561176700854,28.404337283479254
2018-12-01,25.64410304990491,25.072409118759012,26.215796981050808,243.67293629891168,153.72720224780846,333.6186703500149,0.39842424068134963,0.37428569313909105,0.4225627882236082,27.338194641628654,26.35335726549038,28.323032017766927
2019-01-01,24.967037623836486,24.39519535448454,25.538879893188433,320.3456228202298,230.24782758415694,410.4434180563026,0.42436841974409695,0.40015460327106783,0.44858223621712606,25.993548374719225,24.93037961570459,27.05671713373386
2019-02-01,24.99750062724107,24.425565762334042,25.5694354921481,256.7785550026125,166.6101661673394,346.9469438378856,0.446838502295979,0.4226164957744696,0.4710605088174884,26.24878582841096,25.165120347499915,27.332451309322003
2019-03-01,25.44977606906891,24.877749541922736,26.021802596215085,276.2895488590948,186.04885471756037,366.5302430006292,0.4149917923625329,0.39076770092328533,0.4392158838017805,26.641679448344163,25.5508418879405,27.732517008747827
2019-04-01,25.516085591108254,24.943995966569588,26.08817521564692,290.1366657359291,199.82372170754792,380.4496097643103,0.44244041817079954,0.4182163118412691,0.46666452450032997,26.923650531009756,25.82357744522517,28.023723616794342
2019-05-01,25.859922237462285,25.287746357821955,26.432098117102615,144.99626223802687,54.61112607606729,235.38139839998644,0.4255768326429149,0.40135272620703494,0.44980093907879487,26.96993902319759,25.867592381546544,28.072285664848636
2019-06-01,26.17999678653728,25.607741918689012,26.75225165438555,38.099302896808894,-52.357967783653905,128.5565735772717,0.36818260118157053,0.343958494744931,0.39240670761821006,27.208244086733632,26.10170601480074,28.314782158666524
2019-07-01,26.70797658720774,26.135649531282528,27.28030364313295,-7.823429516330663,-98.35277723794502,82.7059182052837,0.297676153046037,0.27345204660939204,0.32190025948268197,27.805537790273583,26.698338585523278,28.912736995023888
2019-08-01,27.12114551099617,26.5487523698447,27.693538652147637,16.781696400257204,-73.81967102233448,107.38306382284888,0.2705059772404401,0.24628187080379513,0.2947300836770851,28.455615994003722,27.346364405206895,29.56486758280055
2019-09-01,27.47376619139903,26.901312294972048,28.04622008782601,25.000735865165467,-65.67259405486105,115.67406578519198,0.26942955670782587,0.24520545027118187,0.2936536631444699,29.281282744095655,28.171872737955216,30.390692750236095
2019-10-01,27.136930391459714,26.564420308066502,27.709440474852926,135.00019007464357,44.2549547246345,225.74542542465264,0.32448682828319103,0.3002627218466852,0.3487109347196969,28.654703426684456,27.54420054351155,29.765206309857362
2019-11-01,26.8210415376032,26.24847913033963,27.393603944866772,206.2627460996112,115.4456622515067,297.0798299477157,0.3476375724941603,0.3234134660769967,0.3718616789113238,28.754614327545077,27.64409255581893,29.865136099271226
2019-12-01,25.231468674251076,24.65885717756355,25.8040801709386,343.8966698142631,253.00779462671935,434.7855450018068,0.4445081248989283,0.4202840185577297,0.468732231240127,26.98313640140513,25.871979150670786,28.094293652139473
2020-01-01,24.675862235801276,24.103102879595617,25.248621592006934,355.6365475297449,264.59340460695375,446.6796904525361,0.44965959504490033,0.42536053800275614,0.4739586520870445,25.664711963491907,24.50784310007143,26.821580826912385
2020-02-01,24.86693539873829,24.29408367302201,25.43978712445457,407.2356112525407,316.1196654952169,498.3515570098645,0.44409485808185417,0.4197876455092602,0.46840207065444817,26.029062686768658,24.85853559787855,27.199589775658765
2020-03-01,25.275582078617163,24.702638473907427,25.848525683326898,368.4797929676521,277.28972274540075,459.6698631899034,0.4366516768184072,0.41234238811184026,0.4609609655249742,26.50975668593626,25.334951771716728,27.684561600155792
2020-04-01,25.410865391254866,24.837858698779627,25.983872083730105,299.0476723976194,207.78353513250266,390.31180966273615,0.4477826245823372,0.4234733210482153,0.4720919281164591,26.746591130371602,25.565419973777495,27.92776228696571
2020-05-01,25.442327190396696,24.86923261672687,26.015421764066524,210.59096331220178,119.25281906583565,301.9291075585679,0.44472581291802404,0.4204165092780006,0.46903511655804747,26.397117304150342,25.214613800554183,27.5796208077465
2020-06-01,25.481332814716115,24.908157772354485,26.054507857077745,137.35133640697376,45.93924509518939,228.76342771875812,0.4289235071404154,0.40461420349963556,0.4532328107811952,26.48231460639971,25.296803237075,27.667825975724423
2020-07-01,25.674860040189756,25.10161145329896,26.24810862708055,85.07251995362887,-6.4134586530291955,176.55849856028692,0.3798138487255633,0.3555045450847781,0.4041231523663485,26.67643532486001,25.490553246584106,27.86231740313591
2020-08-01,26.237588546455886,25.664272622292685,26.810904470619086,87.671284274258,-3.888522001431838,179.23109054994785,0.3429969990586746,0.3186876954178893,0.36730630269945985,27.515109392351544,26.327686585184754,28.702532199518334
2020-09-01,26.241889549762377,25.668511705392397,26.815267394132356,137.94705516180738,46.31348069880919,229.58062962480557,0.37096005290574663,0.34665074926496237,0.3952693565465309,28.0327966780572,26.845296784911152,29.220296571203246
2020-10-01,25.904449258338314,25.331014134275684,26.477884382400944,287.4848933686343,195.77761005651197,379.1921766807566,0.41159234476901035,0.38728304112836376,0.43590164840965695,27.24236199545737,26.05400099759134,28.430722993323396
2020-11-01,25.688208818204735,25.114720337087718,26.261697299321753,276.38510574754406,184.60417278150527,368.16603871358285,0.41291590201486666,0.3886065983934946,0.43722520563623873,27.355216170744058,26.166856423918908,28.543575917569207
2020-12-01,25.300458595793323,24.726920040976037,25.87399715061061,364.1868747291529,272.33235150994057,456.0413979483653,0.41337325298365996,0.3890639494379867,0.4376825565293332,26.852476123390225,25.663590826187306,28.041361420593145
2021-01-01,24.67455229936191,24.100863701866693,25.248240896857126,391.207407123468,299.19645951800607,483.2183547289299,0.4195593908756154,0.3951754002240481,0.44394338152718266,25.438410824991923,24.199945025145205,26.67687662483864
2021-02-01,24.68317332596225,24.10939080707551,25.256955844848992,435.3102218580455,343.2242922513951,527.3961514646959,0.4473032450281437,0.42291112743118026,0.4716953626251072,25.73902898307956,24.48617777620181,26.99188018995731
2021-03-01,25.517552765944732,24.94367673781254,26.091428794076922,284.14601468822315,191.9841637718643,376.307865604582,0.4226913101111399,0.3982971236539958,0.44708549656828406,26.777929414103607,25.52040595734694,28.035452870860272
2021-04-01,25.733611350585942,25.159671180120704,26.30755152105118,242.03584978123587,149.79813695917213,334.27356260329964,0.4265266602645556,0.40213245903180084,0.45092086149731037,27.095645406334647,25.831412315641682,28.359878497027612
2021-05-01,25.673949994851775,25.09991950159982,26.247980488103728,175.43384429704918,83.12033191137026,267.7473566827281,0.4451304998918635,0.4207362985535782,0.4695247012301488,26.764272912720536,25.498553768209547,28.029992057231524
2021-06-01,25.097250913368402,24.523137833232312,25.671363993504492,198.9524984747514,106.56324871420622,291.34174823529656,0.45173704224352745,0.42734284090448843,0.4761312435825665,26.006372447957325,24.737483981872494,27.275260914042157
2021-07-01,25.406566472544583,24.83237799021878,25.980754954870385,72.43890814783856,-20.02601695163773,164.90383324731485,0.40045099348078506,0.37605679214174065,0.42484519481982946,26.329814701100844,25.060496677337397,27.59913272486429
2021-08-01,25.481088067408656,24.90683060018064,26.055345534636672,131.83853988984376,39.29800133518009,224.37907844450743,0.40773265686440513,0.38333845552536067,0.4321268582034496,26.708532374354032,25.437590940586407,27.979473808121657
2021-09-01,25.601651431959574,25.027330566311957,26.175972297607192,189.74925765585772,97.13316737818157,282.3653479335339,0.41923169948730105,0.3948374981482576,0.4436259008263445,27.328087936806877,26.05704928742788,28.599126586185875
2021-10-01,26.107107688634763,25.53272820180493,26.681487175464596,204.11512884129945,111.42354842183428,296.8067092607646,0.39835471689983437,0.37396051556092813,0.4227489182387406,27.452410680349352,26.180464474369323,28.72435688632938
2021-11-01,25.563945948244882,24.989511873255054,26.13838002323471,355.3004890771452,262.53347994676324,448.06749820752714,0.4142333028352753,0.3898391015155765,0.43862750415497415,27.182227372407116,25.910278633674274,28.454176111139958
2021-12-01,25.232718132651282,24.658232842005468,25.807203423297096,301.3604252068277,208.5180489809482,394.2028014327072,0.4280314769661363,0.40363727572187286,0.45242567821039975,26.81985207039989,25.54734911815029,28.09235502264949
2022-01-01,25.145687437479076,24.57104972391411,25.72032515104404,254.7882334725402,161.78732560198569,347.78914134309474,0.4183711572437292,0.39390252808630505,0.44283978640115335,26.207014801207798,24.88555547653086,27.528474125884735
2022-02-01,25.059826636642743,24.48509331788178,25.634559955403706,261.7447062047915,168.66666762254897,354.822744787034,0.4060573484005114,0.38158062040604246,0.4305340763949803,25.98763822267558,24.65186747254513,27.323408972806032
2022-03-01,25.431388546166232,24.85655998472429,26.006217107608176,263.13386518101737,169.97813110588788,356.28959925614686,0.4176587084968897,0.3931799187947518,0.4421374981990276,26.57534527490038,25.234885084095655,27.915805465705102
2022-04-01,25.798470792243016,25.223576955353053,26.37336462913298,221.32607386850734,128.09270566199007,314.5594420750246,0.4136291656834802,0.38915036125680985,0.4381079701101505,27.117614934476443,25.770447743321675,28.46478212563121
2022-05-01,25.544438951877996,24.969452296645642,26.11942560711035,177.00253394735608,83.69159620043969,270.3134716942725,0.4353972944423844,0.41091848991054836,0.45987609897422044,26.488737935534285,25.140060490562767,27.837415380505803
2022-06-01,25.285788875782316,24.710717474261997,25.860860277302635,152.5379175993085,59.14947474214384,245.9263604564732,0.4363244260071676,0.4118456214745804,0.46080323053975475,26.23524410420307,24.883379820132422,27.587108388273716
2022-07-01,25.223549493854648,24.64840080099899,25.798698186710308,109.1720476899027,15.706163992358995,202.6379313874464,0.4180935127972664,0.39361470826467393,0.4425723173298589,26.198510684146836,24.84620097811804,27.55082039017563
2022-08-01,25.6444795594686,25.069260210078127,26.219698908859073,128.13128540695345,34.58802497927917,221.67454583462774,0.3961696127481028,0.37169080821551026,0.42064841728069535,26.916128728236355,25.562175586587497,28.270081869885214
2022-09-01,25.66730395222804,25.092019708002468,26.24258819645361,181.9492699919624,88.32869678544621,275.5698431984786,0.41604601621533677,0.3915672116827452,0.4405248207479283,27.40654264834757,26.052485338027743,28.7605999586674
2022-10-01,25.631826718287552,25.056482497714022,26.207170938861083,320.482648297538,226.78482610516426,414.1804704899117,0.42811270817632596,0.4036339036438711,0.45259151270878084,26.914583784451736,25.55960104030577,28.269566528597704
2022-11-01,25.637881157091222,25.062481107129162,26.21328120705328,282.054917703528,188.27991016061475,375.8299252464413,0.41844999804926275,0.39397119353594895,0.44292880256257655,27.298086560486237,25.943100781302068,28.653072339670405
2022-12-01,25.359480635314497,24.784028220421167,25.934933050207828,334.40057587870115,240.54844678439707,428.2527049730052,0.4213033075870454,0.3968245031489062,0.44578211202518453,27.00455958974867,25.64900458413402,28.36011459536332
2023-01-01,25.24979231639134,24.674185095124304,25.825399537658374,257.71461190686574,163.70189271367923,351.72733110005225,0.4032780926061339,0.37872511671459985,0.42783106849766794,26.259405536906176,24.860820782868565,27.657990290943786
2023-02-01,24.952891556906668,24.377187044535795,25.52859606927754,367.39667651413436,273.3047086528916,461.48864437537713,0.421770665730829,0.39720961881518846,0.44633171264646954,25.964172618875775,24.55265436545782,27.37569087229373
2023-03-01,25.315854039192807,24.740052551015445,25.89165552737017,291.9660806012702,197.79466600140017,386.13749520114027,0.44005788006486585,0.4154947785189267,0.464620981610805,26.54701474589484,25.131311249053773,27.962718242735903
2023-04-01,26.151543010076512,25.575675112756894,26.72741090739613,193.9434404686731,99.69264242130458,288.1942385160416,0.39844884094248684,0.373885724722557,0.4230119571624167,27.61122416484109,26.18939483301742,29.03305349666476
2023-05-01,25.96852136617749,25.39255816143776,26.544484570917223,118.28016647784119,23.950051787917076,212.61028116776532,0.4140624164391057,0.38949930011437106,0.4386255327638403,26.996793424500837,25.573604826869833,28.41998202213184
2023-06-01,25.96539593963006,25.38934583539268,26.541446043867438,71.49916463012758,-22.910200065662906,165.90852932591807,0.3879763701430088,0.36341325381752565,0.4125394864684919,26.958267410655953,25.53213052048006,28.384404300831847
2023-07-01,25.76690427459293,25.1907749957658,26.343033553420064,57.72160564413582,-36.76694258849989,152.21015387677153,0.3775760590977541,0.35301294277226564,0.40213917542324257,26.791085010188514,25.364543351390836,28.217626668986192
2023-08-01,26.79144522510381,26.215243623707593,27.367646826500028,3.600427095297931,-90.96723837213109,98.16809256272695,0.3012923669919073,0.2767292506664188,0.32585548331739583,28.08505161546766,26.656967717204996,29.513135513730322
2023-09-01,27.562397221811974,26.98612923449537,28.13866520912858,15.58038219998545,-79.06633436645467,110.22709876642557,0.26496162142295254,0.240398505097465,0.28952473774844006,29.42766965735121,27.999491491840736,30.855847822861683
2023-10-01,27.365328667549463,26.788999353812137,27.941657981286788,102.44258295824162,7.71688126299631,197.16828465348692,0.30766401441655034,0.28310089809119904,0.33222713074190163,28.85892152404677,27.429861890059875,30.287981158033666
2023-11-01,26.262230333143716,25.685843953677207,26.838616712610225,233.72019251625406,138.9155714975087,328.52481353499945,0.3790217199725812,0.35445860366630527,0.40358483627885716,28.030365938179205,26.60130701191413,29.45942486444428
2023-12-01,26.223069159809633,25.646629270849946,26.79950904876932,176.48316344404927,81.59968905052,271.36663783757854,0.3635592323122516,0.3389961160808923,0.38812234854361094,27.980527125067596,26.55091813948275,29.41013611065244
2024-01-01,25.12157873521117,24.54498166866796,25.69817580175438,271.01055613751475,175.96448133342847,366.05663094160104,0.42393441960459033,0.3992973857449312,0.4485714534642495,26.193040997209028,24.720923184205898,27.66515881021216
2024-02-01,24.978983586046066,24.402287550773604,25.55567962131853,262.88842383902767,167.7610133784651,358.0158342995902,0.4488355827645081,0.4241905054089037,0.4734806601201125,26.16188180626769,24.677001824717316,27.646761787818065
2024-03-01,25.379643462265587,24.802848726678416,25.95643819785276,327.63158319202165,232.42299789278252,422.8401684912608,0.44200505713501387,0.4173579321540457,0.46665218211598203,26.676465812989427,25.187395691782363,28.16553593419649
2024-04-01,25.50427480342195,24.92741253067214,26.08113707617176,246.64022303557786,151.3505280874504,341.9299179837053,0.4469694692761023,0.42232232967116784,0.4716166088810368,26.857826109721703,25.362686922264846,28.35296529717856
2024-05-01,25.916902556619824,25.33994249881844,26.493862614421207,116.78623863048865,21.41550301438309,212.15697424659422,0.417465049616843,0.39281790990746107,0.4421121893262249,26.91406984364033,25.41755093992634,28.41058874735432
2024-06-01,25.660735590713685,25.08368649030999,26.23778469111738,81.98716788010117,-13.46453959864003,177.43887535884238,0.4140696235050107,0.3894224837948828,0.4387167632151386,26.622946550691886,25.123493130165514,28.122399971218258
2024-07-01,25.990514028564327,25.413383879303886,26.567644177824768,49.65637017616308,-45.87624053482428,145.18898088715042,0.359321133241837,0.33467399353170374,0.3839682729519703,27.018295877987413,25.518422564325164,28.518169191649662
2024-08-01,26.741801655418243,26.164597525616653,27.319005785219833,27.625453168214648,-67.98799231884553,123.23889865527482,0.30692318130319196,0.2822760415930587,0.33157032101332523,28.07982541676465,26.578409128403795,29.581241705125503
2024-09-01,26.7228620984678,26.145590098960586,27.300134097975015,71.61490107048661,-24.07931090995163,167.30911305092485,0.3304125362411653,0.30576539653103296,0.3550596759512976,28.502963376576815,27.001445596945985,30.004481156207646
2024-10-01,27.306793375491132,26.729458706165097,27.884128044817167,106.74168320528628,10.966772841417281,202.51659356915528,0.31227860205585256,0.287631462345856,0.3369257417658491,28.80219657568569,27.29979216336236,30.304600988009025
2024-11-01,25.57456717502224,24.997174209789407,26.15196014025507,281.2108378809353,185.35529707154816,377.0663786903224,0.42291896785007815,0.39827182815909196,0.44756610754106435,27.198085976619623,25.695681134395308,28.70049081884394
2024-12-01,25.351610598111836,24.774162984569447,25.929058211654226,361.0004328256638,265.0643296319818,456.93653601934574,0.4154401303895357,0.3907929907732107,0.4400872700058607,26.933287325861613,25.430326332769525,28.4362483189537
2025-01-01,25.011576467571885,24.433969318841793,25.589183616301977,299.03491254644973,202.93424604611442,395.13557904678504,0.42276974956555513,0.39804894355779624,0.447490555573314,25.989491733641223,24.445740739464807,27.53324272781764
2025-02-01,25.156223275429234,24.578515489552032,25.733931061306436,298.43554842964113,202.2514903874102,394.6196064718721,0.43551686855213745,0.4107880462968223,0.4602456908074526,26.398687679717487,24.842588066906373,27.9547872925286
2025-03-01,25.53042704938974,24.952618848071193,26.108235250708287,284.3527451213269,188.08580743105819,380.6196828115956,0.4268403105880236,0.40210944764111634,0.4515711735349308,26.80069688512919,25.24051718319624,28.360876587062144
2025-04-01,25.632622853563003,25.054745993299505,26.2104997138265,244.30785321761968,147.95810293399802,340.65760350124134,0.4330921996548007,0.4083613221334435,0.45782307717615794,26.955695214562283,25.38961100114095,28.521779427983617
2025-05-01,25.865347972337247,25.287370861398056,26.443325083276438,161.2755949911545,64.8431032303495,257.7080867519595,0.4141114597188199,0.3893805820933689,0.4388423373442709,26.830704414354305,25.263261263635357,28.398147565073252
2025-06-01,25.581014759501834,25.002946473413626,26.15908304559004,124.37971185856978,27.864549553990102,220.89487416314944,0.41345327562508727,0.3887223979988928,0.43818415325128174,26.4970589402034,24.926741930799693,28.067375949607104
2025-07-01,26.129213309278004,25.551062109422656,26.707364509133352,62.112244814758924,-34.48551728230403,158.7100069118219,0.35181442281023234,0.32708354518403254,0.37654530043643214,27.20411268279717,25.633375240912866,28.774850124681475
2025-08-01,25.708844228080324,25.130617398077778,26.28707105808287,123.39181427844828,26.71152295885048,220.07210559804608,0.3864950395924429,0.3617641619662431,0.4112259172186427,26.89947151586993,25.327211992008827,28.471731039731033
2025-09-01,26.136525211289356,25.558229035348532,26.71482138723018,147.54696201311322,50.784211860361424,244.309712165865,0.3809754822476191,0.35624460462142027,0.405706359873818,27.91702995556423,26.344666655065495,29.489393256062968
2025-10-01,26.269390792064545,25.69103060979354,26.84775097433555,218.46711834720327,121.62197957087892,315.3122571235276,0.3835724421521157,0.3588415645260522,0.40830331977817924,27.585515742445164,26.012271297073937,29.15876018781639
2025-11-01,25.931862855580853,25.35344315356852,26.510282557593186,288.0011767233749,191.07371935400985,384.9286340927399,0.3972427117253514,0.37251183411823385,0.421973589332469,27.62595595997148,26.052711402017252,29.19920051792571
2025-12-01,25.463888716646505,24.885413233408322,26.042364199884688,290.8694846016374,193.8597787733135,387.8791904299613,0.4191734002312388,0.39444252269852964,0.4439042777639479,27.116798352971614,25.542997180526957,28.69059952541627
2026-01-01,24.752183540405557,24.17354617822276,25.330820902588354,265.7632091245058,168.58702372452586,362.93939452448575,0.46242507446092046,0.43762077922915693,0.487229369692684,25.809704854283353,24.197086761753972,27.422322946812734
2026-02-01,24.735907718987157,24.157168060618964,25.31464737735535,313.23950841113117,215.9779067485117,410.5011100737506,0.47287206163170525,0.44805977712571493,0.4976843461376956,25.937089775091483,24.312612143831,27.561567406351966
2026-03-01,25.101779319818533,24.522937540426835,25.68062109921023,279.9464016175409,182.60023887426888,377.29256436081295,0.46525095204239353,0.440436633708618,0.49006527037616904,26.32629966780331,24.697884733717174,27.954714601889442
2026-04-01,25.338880382612597,24.75996882884224,25.917791936382955,250.12593654656408,152.69528160596917,347.556591487159,0.46565551747367073,0.4408411846144619,0.49046985033287954,26.679460312888427,25.04534150787172,28.313579117905135
2026-05-01,25.42900621339603,24.849991955539206,26.008020471252852,165.13940223769907,67.62432830809419,262.654476167304,0.4603977914147085,0.43558345845175594,0.48521212437766104,26.399025741093272,24.76358113431541,28.034470347871135
2026-06-01,25.33423717911128,24.755129624290465,25.913344733932096,137.81103429654632,40.21161439642849,235.41045419666415,0.43769716959416044,0.41288283663046693,0.46251150255785395,26.23194724617705,24.59370687667419,27.87018761567991
2026-07-01,25.518566517194923,24.939374193201644,26.097758841188202,125.1580817048903,27.474388663612984,222.8417747461676,0.40392588003403945,0.37911154707034067,0.42874021299773823,26.572087546194254,24.93343080864457,28.21074428374394
2026-08-01,26.09830485484077,25.51903525958882,26.67757445009272,59.040645359192695,-38.72724818222294,156.8085389006083,0.36607976308111534,0.3412654301174165,0.3908940960448142,27.37905454904205,25.738905745184287,29.01920335289981
2026-09-01,26.632752546060075,26.053412136302548,27.212092955817603,77.87375655931561,-19.978265028737056,175.72577814736826,0.346271630961418,0.32145729799772016,0.37108596392511584,28.441483050910204,26.801229781864375,30.081736319956033
2026-10-01,26.159628994842425,25.58022324923033,26.73903474045452,189.33574856118906,91.39967119328568,287.2718259290924,0.4125823505642649,0.3877680176007019,0.4373966835278279,27.589237636534516,25.948113909580044,29.23036136348899
2026-11-01,25.333074957196175,24.75360847444154,25.91254143995081,306.4570984123359,208.4370373454392,404.47715947923257,0.4610445502708381,0.4362302173261574,0.48585888321551884,27.052126486768362,25.411003358445903,28.69324961509082
2026-12-01,24.81375290856206,24.234229517647623,25.393276299476494,373.8554174553621,275.7514448544772,471.959390056247,0.46963330348026266,0.4448189706097401,0.4944476363507852,26.391993857597225,24.75031687787243,28.03367083732202
2027-01-01,24.774385812546342,24.194698212925303,25.35407341216738,263.1055215297681,164.8331988886909,361.3778441708453,0.46195817310917947,0.43707066873015976,0.4868456774881992,25.83407863414984,24.15465920385888,27.5134980644408
2027-02-01,24.752852379336385,24.173060833979807,25.332643924692963,313.50624361512354,215.14651114897157,411.8659760812755,0.4727265133081678,0.4478310463577881,0.4976219802585475,25.956281538583955,24.265280162536328,27.64728291463158
2027-03-01,25.120164392101845,24.540269029795393,25.700059754408297,278.91778504432136,180.47183347303906,377.36373661560367,0.4648324077267883,0.43993491374363436,0.48972990170994224,26.34498275753157,24.650102213350817,28.039863301712327
